"RhoA","Nsp7","Contact hits (191 models)"
"Leu69.A","Leu3915.C",38
"Trp58.A","Val3870.C",36
"Trp58.A","Ser3874.C",34
"Leu69.A","Thr3868.C",33
"Leu72.A","Val3912.C",31
"Leu72.A","Phe3908.C",30
"Leu72.A","Val3875.C",30
"Leu72.A","Met3911.C",29
"Leu72.A","Leu3918.C",28
"Leu72.A","Leu3919.C",28
"Phe106.A","Phe3908.C",28
"Leu69.A","Leu3872.C",27
"Arg68.A","Thr3868.C",26
"Arg68.A","Met3934.C",26
"Leu72.A","Val3925.C",25
"Leu72.A","Val3871.C",25
"Leu69.A","Val3871.C",25
"Leu72.A","Leu3915.C",24
"Val38.A","Leu3919.C",24
"Leu72.A","Ser3874.C",24
"Val38.A","Lys3866.C",23
"Tyr66.A","Phe3908.C",23
"Val38.A","Cys3867.C",23
"Val38.A","Leu3899.C",23
"Trp58.A","Asn3928.C",22
"Arg68.A","Asp3864.C",22
"Lys7.A","Ser3874.C",22
"Trp58.A","Val3871.C",22
"Asp59.A","Cys3867.C",22
"Asn41.A","Val3870.C",22
"Arg68.A","Leu3930.C",22
"Ser73.A","Val3871.C",21
"Tyr66.A","Leu3915.C",21
"Tyr66.A","Met3911.C",21
"Phe39.A","Val3870.C",21
"Trp58.A","Gln3878.C",21
"Leu72.A","Leu3872.C",21
"Leu72.A","Leu3930.C",20
"Thr37.A","Phe3908.C",20
"Thr37.A","Lys3866.C",20
"Pro75.A","Phe3908.C",20
"Trp58.A","Cys3867.C",20
"Thr37.A","Leu3919.C",20
"Leu69.A","Met3911.C",20
"Asp65.A","Lys3861.C",20
"Val38.A","Val3870.C",20
"Leu69.A","Met3934.C",19
"Pro71.A","Phe3908.C",19
"Phe106.A","Leu3930.C",19
"Tyr66.A","Val3865.C",19
"Leu72.A","Leu3899.C",19
"Tyr66.A","Leu3919.C",19
"Leu72.A","Gln3878.C",19
"Lys7.A","Gln3878.C",19
"Asn41.A","Ser3874.C",19
"Asn41.A","Asn3928.C",18
"Tyr66.A","Met3934.C",18
"Leu193.A","Glu3906.C",18
"Arg5.A","Gln3878.C",18
"Lys7.A","Val3875.C",18
"Arg68.A","Thr3904.C",18
"Tyr66.A","Val3875.C",18
"Phe106.A","Lys3861.C",18
"Phe39.A","Leu3919.C",18
"Asn41.A","Cys3931.C",18
"His105.A","Met3934.C",18
"Phe106.A","Met3934.C",18
"Tyr66.A","Thr3868.C",18
"Trp58.A","Ile3927.C",17
"Pro75.A","Val3912.C",17
"Val192.A","Thr3905.C",17
"Leu193.A","Arg3880.C",17
"Val38.A","Leu3915.C",17
"Ser73.A","Ser3874.C",17
"Asp65.A","Phe3908.C",17
"Ser73.A","Val3870.C",17
"Asn41.A","Gln3877.C",17
"Arg68.A","Cys3931.C",17
"His105.A","Glu3933.C",17
"Glu40.A","Leu3899.C",17
"Leu69.A","Leu3930.C",16
"Trp58.A","Leu3919.C",16
"Leu193.A","Thr3905.C",16
"Arg68.A","Asp3903.C",16
"His105.A","Lys3861.C",16
"Tyr66.A","Val3912.C",16
"Leu69.A","Leu3918.C",16
"Thr37.A","Val3912.C",16
"Asn41.A","Leu3935.C",16
"Asp76.A","Gln3878.C",16
"Glu64.A","Lys3861.C",15
"Asp65.A","Thr3868.C",15
"Pro71.A","Leu3915.C",15
"Leu72.A","Ile3927.C",15
"His105.A","Glu3909.C",15
"Phe106.A","Val3912.C",15
"Arg5.A","Leu3879.C",15
"Pro75.A","Arg3938.C",15
"Asp76.A","Val3875.C",15
"Trp58.A","Val3912.C",15
"Ser73.A","Val3912.C",15
"Trp58.A","Cys3931.C",15
"His105.A","Arg3938.C",15
"Leu69.A","Ser3874.C",15
"Asn41.A","Leu3873.C",15
"Pro71.A","Leu3930.C",15
"Phe106.A","Glu3933.C",15
"Thr37.A","Ser3863.C",15
"Ala61.A","Cys3867.C",15
"His105.A","Asn3937.C",15
"Val38.A","Cys3931.C",14
"Pro75.A","Leu3919.C",14
"His105.A","Phe3908.C",14
"Tyr34.A","Phe3908.C",14
"Tyr66.A","Asp3864.C",14
"Pro75.A","Val3875.C",14
"Asp76.A","Ser3874.C",14
"Val192.A","Val3875.C",14
"Val35.A","Gln3922.C",14
"Thr37.A","Gln3922.C",14
"Thr37.A","Ile3927.C",14
"Ala61.A","Leu3919.C",14
"Gln63.A","Ile3927.C",14
"Tyr66.A","Leu3918.C",14
"Leu72.A","Ser3916.C",14
"Leu193.A","Val3871.C",14
"Arg68.A","Phe3908.C",14
"Val33.A","Leu3941.C",14
"Leu69.A","Gln3877.C",14
"Tyr42.A","Leu3935.C",14
"Leu69.A","Val3912.C",14
"Thr37.A","Cys3867.C",14
"Glu40.A","Val3870.C",14
"Asp59.A","Val3871.C",14
"Glu40.A","Leu3935.C",14
"Phe39.A","Ser3916.C",14
"Thr37.A","Arg3938.C",13
"Val38.A","Leu3935.C",13
"His105.A","Val3912.C",13
"Phe106.A","Leu3915.C",13
"Tyr66.A","Cys3931.C",13
"Ser73.A","Leu3919.C",13
"Trp58.A","Met3934.C",13
"Tyr34.A","Met3921.C",13
"Tyr34.A","Gln3922.C",13
"Thr37.A","Met3921.C",13
"Thr37.A","Val3925.C",13
"Thr37.A","Asp3926.C",13
"Asn41.A","Ser3916.C",13
"Pro75.A","Glu3909.C",13
"Asp90.A","Arg3938.C",13
"Cys107.A","Lys3861.C",13
"Pro108.A","Lys3861.C",13
"Leu193.A","Thr3904.C",13
"Lys7.A","Val3871.C",13
"Gln63.A","Phe3908.C",13
"Tyr66.A","Lys3861.C",13
"Val38.A","Val3871.C",13
"Phe39.A","Cys3867.C",13
"Asp65.A","Gln3877.C",13
"Arg68.A","Glu3882.C",13
"Leu72.A","Asn3896.C",13
"Arg68.A","Thr3905.C",13
"Asp76.A","Arg3880.C",13
"Lys7.A","Leu3919.C",13
"Ala61.A","Asp3864.C",13
"Gly62.A","Asp3864.C",13
"Glu64.A","Thr3868.C",12
"Arg68.A","Val3865.C",12
"Arg68.A","Leu3915.C",12
"Leu72.A","Gln3922.C",12
"Pro75.A","Ser3920.C",12
"Asn41.A","Met3934.C",12
"Arg68.A","Leu3900.C",12
"Leu69.A","Val3865.C",12
"Leu193.A","Leu3915.C",12
"Pro36.A","Leu3919.C",12
"Thr37.A","Ser3920.C",12
"Val38.A","Ser3920.C",12
"Gln63.A","Asp3926.C",12
"Gln63.A","Asn3928.C",12
"Phe39.A","Leu3915.C",12
"Trp58.A","Leu3915.C",12
"Asn41.A","Glu3932.C",12
"Asn41.A","Cys3867.C",12
"Trp58.A","Leu3899.C",12
"Leu69.A","Trp3888.C",12
"Leu72.A","His3895.C",12
"Cys190.A","Ala3924.C",12
"Leu191.A","Ala3924.C",12
"Leu191.A","Ile3927.C",12
"Val38.A","His3895.C",12
"Asn41.A","His3895.C",12
"Trp58.A","Gln3877.C",12
"Thr37.A","Leu3915.C",12
"Ala61.A","Thr3868.C",12
"Gln63.A","Asp3864.C",12
"Arg70.A","Val3871.C",12
"Asn41.A","Leu3899.C",12
"Arg68.A","Ile3927.C",12
"Pro75.A","Gln3878.C",12
"Thr37.A","Asp3864.C",12
"Glu40.A","Asn3928.C",11
"Ala61.A","Cys3931.C",11
"Asp67.A","Phe3908.C",11
"Leu69.A","Ile3927.C",11
"Leu69.A","Leu3941.C",11
"Pro75.A","Ser3916.C",11
"Thr37.A","Thr3905.C",11
"Tyr66.A","Lys3866.C",11
"Leu193.A","Met3934.C",11
"Leu69.A","Leu3899.C",11
"Val35.A","Ile3927.C",11
"Thr37.A","Gly3923.C",11
"Gln63.A","Cys3931.C",11
"Tyr66.A","Leu3872.C",11
"Leu72.A","Glu3909.C",11
"Ser73.A","Leu3915.C",11
"Asn41.A","Ile3927.C",11
"Ser73.A","Gln3878.C",11
"Tyr66.A","Leu3930.C",11
"Leu69.A","Leu3873.C",11
"Leu191.A","Val3875.C",11
"Phe39.A","His3895.C",11
"Ala56.A","Gln3878.C",11
"Val33.A","Lys3861.C",11
"Val43.A","Cys3931.C",11
"Val43.A","Leu3935.C",11
"Asp67.A","Lys3861.C",11
"Gly14.A","Asp3864.C",11
"Glu40.A","His3895.C",11
"Thr60.A","Cys3867.C",11
"Tyr66.A","Ile3927.C",11
"Pro101.A","Arg3938.C",11
"Thr37.A","Leu3935.C",10
"Val192.A","Ser3920.C",10
"Val192.A","Gln3922.C",10
"Asp65.A","Met3934.C",10
"Asp65.A","Arg3938.C",10
"Pro75.A","Leu3915.C",10
"His105.A","Thr3905.C",10
"Thr37.A","Glu3909.C",10
"Val38.A","Arg3938.C",10
"Glu40.A","Arg3938.C",10
"Leu69.A","Cys3867.C",10
"Val192.A","Phe3908.C",10
"Leu193.A","Val3875.C",10
"Leu193.A","Val3912.C",10
"Leu193.A","Ser3913.C",10
"Thr19.A","Ile3927.C",10
"Asp59.A","Leu3915.C",10
"Asp65.A","Leu3872.C",10
"Leu72.A","Val3865.C",10
"Ser73.A","Phe3908.C",10
"Tyr42.A","Met3934.C",10
"Val43.A","Met3934.C",10
"Tyr34.A","Asp3903.C",10
"Val192.A","Ser3916.C",10
"Leu193.A","Met3911.C",10
"Glu40.A","Thr3940.C",10
"Leu193.A","Leu3887.C",10
"Tyr66.A","Ser3874.C",10
"Tyr66.A","Gln3877.C",10
"Arg68.A","Gln3877.C",10
"Leu72.A","Cys3867.C",10
"Val43.A","Asn3928.C",10
"Leu69.A","Val3870.C",10
"Leu72.A","Leu3873.C",10
"Leu72.A","Val3892.C",10
"Thr37.A","Val3865.C",10
"Tyr34.A","Met3911.C",10
"Asp59.A","Val3870.C",10
"Thr60.A","Val3871.C",10
"Ala61.A","Val3871.C",10
"Ser73.A","Ser3916.C",10
"Tyr34.A","Gly3923.C",10
"Ser73.A","Val3875.C",10
"Phe39.A","Asn3928.C",9
"Asp59.A","Asn3928.C",9
"Arg68.A","Leu3918.C",9
"Leu69.A","Cys3931.C",9
"Ser73.A","Ile3927.C",9
"Tyr74.A","Leu3919.C",9
"Asp65.A","Gln3942.C",9
"Arg68.A","Leu3941.C",9
"Val38.A","Phe3908.C",9
"Phe39.A","Ser3874.C",9
"Glu40.A","Met3934.C",9
"Val43.A","Gln3878.C",9
"Leu69.A","Met3862.C",9
"Leu69.A","Leu3900.C",9
"Ser73.A","Cys3867.C",9
"Phe106.A","Thr3905.C",9
"Val192.A","Met3934.C",9
"Leu193.A","Cys3931.C",9
"Leu193.A","Leu3935.C",9
"Arg68.A","Leu3899.C",9
"Asp13.A","Cys3931.C",9
"Gly14.A","Ile3927.C",9
"Gly14.A","Asn3928.C",9
"Gly14.A","Cys3931.C",9
"Ala15.A","Asn3928.C",9
"Gln63.A","Leu3930.C",9
"Asp65.A","Val3871.C",9
"Leu72.A","Ala3907.C",9
"Ser73.A","Glu3909.C",9
"Pro75.A","Thr3905.C",9
"Ser88.A","Leu3935.C",9
"Asp90.A","Leu3935.C",9
"Glu93.A","Arg3938.C",9
"Tyr74.A","Ser3916.C",9
"Asn41.A","Lys3866.C",9
"Gln63.A","Lys3861.C",9
"Arg68.A","Glu3909.C",9
"Val192.A","Arg3880.C",9
"Trp58.A","Lys3866.C",9
"Tyr66.A","Cys3867.C",9
"Lys7.A","Gln3922.C",9
"Tyr34.A","Val3865.C",9
"Leu69.A","Leu3919.C",9
"Gln63.A","Ser3863.C",9
"Phe106.A","Met3911.C",9
"Arg68.A","Trp3888.C",9
"Tyr34.A","Ala3924.C",9
"Glu102.A","Met3934.C",9
"Glu102.A","Arg3938.C",9
"Arg68.A","Val3871.C",8
"Arg68.A","Met3911.C",8
"Asn94.A","Lys3861.C",8
"Glu97.A","Lys3861.C",8
"Lys98.A","Lys3861.C",8
"Glu64.A","Gln3942.C",8
"Asp76.A","Val3912.C",8
"Glu102.A","Lys3861.C",8
"Leu193.A","Lys3902.C",8
"Leu193.A","Asp3903.C",8
"Tyr34.A","Leu3899.C",8
"Tyr34.A","Thr3904.C",8
"Phe39.A","Arg3938.C",8
"Tyr66.A","Arg3938.C",8
"Phe106.A","Thr3904.C",8
"Arg183.A","Arg3938.C",8
"Lys185.A","Arg3938.C",8
"Leu191.A","Met3934.C",8
"Val38.A","Asp3864.C",8
"Val38.A","Val3865.C",8
"Leu191.A","Leu3879.C",8
"Arg5.A","Glu3909.C",8
"Lys7.A","Glu3909.C",8
"Tyr34.A","Ser3920.C",8
"Pro36.A","Ser3920.C",8
"Pro36.A","Ile3927.C",8
"Asn41.A","Val3912.C",8
"Trp58.A","Glu3909.C",8
"Thr60.A","Leu3915.C",8
"Gly62.A","Cys3931.C",8
"Gln63.A","Lys3929.C",8
"Asp65.A","Val3875.C",8
"Tyr66.A","Val3925.C",8
"Pro75.A","Thr3904.C",8
"Asp76.A","Thr3905.C",8
"Ser91.A","Leu3935.C",8
"Asn94.A","Arg3938.C",8
"Lys98.A","Met3934.C",8
"Lys135.A","Arg3938.C",8
"Met173.A","Val3870.C",8
"Gln63.A","Val3912.C",8
"Asp65.A","Leu3919.C",8
"Tyr74.A","Arg3938.C",8
"Leu69.A","Gln3942.C",8
"Leu72.A","Asp3926.C",8
"Leu193.A","Met3921.C",8
"Glu40.A","Cys3867.C",8
"Asn41.A","Ser3863.C",8
"Tyr66.A","Gln3878.C",8
"Phe154.A","Gln3878.C",8
"Met173.A","Ser3874.C",8
"Leu191.A","Asp3926.C",8
"Leu193.A","Leu3930.C",8
"Val35.A","Asn3896.C",8
"Tyr66.A","Ile3898.C",8
"Tyr42.A","Asn3928.C",8
"Leu193.A","Gln3878.C",8
"Asn41.A","Val3871.C",8
"Asp67.A","Met3934.C",8
"Leu72.A","Leu3879.C",8
"Tyr34.A","Asp3864.C",8
"Val192.A","Leu3915.C",8
"Leu69.A","Gln3922.C",8
"Leu69.A","Phe3908.C",8
"Met134.A","Asp3936.C",8
"Gln136.A","Arg3938.C",8
"Asp65.A","Val3865.C",8
"Phe106.A","Arg3938.C",8
"Thr37.A","Thr3904.C",8
"Val33.A","Gln3942.C",8
"Leu191.A","Leu3887.C",8
"Val192.A","Leu3887.C",8
"Val192.A","Ser3913.C",8
"Glu40.A","Leu3873.C",8
"Gly12.A","Asp3864.C",8
"Pro36.A","Ser3863.C",8
"Val38.A","Ser3863.C",8
"Val38.A","Glu3932.C",7
"Glu64.A","Asp3864.C",7
"Glu64.A","Phe3908.C",7
"Leu69.A","Val3925.C",7
"Pro71.A","Leu3919.C",7
"Leu72.A","Ala3924.C",7
"Ser73.A","Asn3928.C",7
"Lys98.A","Phe3908.C",7
"Val192.A","Leu3919.C",7
"Tyr66.A","Leu3935.C",7
"Arg68.A","Cys3867.C",7
"Val192.A","Glu3909.C",7
"Tyr66.A","Leu3941.C",7
"Leu72.A","Met3934.C",7
"Ser188.A","Asp3926.C",7
"Ser188.A","Ile3927.C",7
"Tyr34.A","Val3871.C",7
"Tyr34.A","Thr3905.C",7
"Ala61.A","Lys3866.C",7
"Pro71.A","Thr3904.C",7
"Lys185.A","Glu3909.C",7
"Lys185.A","Ala3939.C",7
"Lys187.A","Asn3937.C",7
"Cys190.A","Met3934.C",7
"Val192.A","Val3912.C",7
"Val192.A","Arg3938.C",7
"Val192.A","Gln3942.C",7
"Leu193.A","Leu3876.C",7
"Leu193.A","Ser3916.C",7
"Phe39.A","Lys3866.C",7
"Asp13.A","Met3934.C",7
"Leu69.A","Ser3869.C",7
"Leu72.A","Ile3898.C",7
"Asn94.A","Met3934.C",7
"Asn94.A","Leu3935.C",7
"Val192.A","Thr3904.C",7
"Met157.A","Val3870.C",7
"Thr37.A","Leu3918.C",7
"Glu40.A","Leu3930.C",7
"Trp58.A","Leu3935.C",7
"Val38.A","Lys3861.C",7
"Leu69.A","Arg3880.C",7
"Leu72.A","Gln3942.C",7
"Val192.A","Val3871.C",7
"Glu40.A","Thr3868.C",7
"Ala61.A","Ser3874.C",7
"Pro141.A","Val3892.C",7
"Pro141.A","Asn3896.C",7
"Glu142.A","Trp3888.C",7
"Arg145.A","Trp3888.C",7
"Phe154.A","Ser3874.C",7
"Phe154.A","Gln3877.C",7
"Tyr156.A","Asn3896.C",7
"Met157.A","Lys3866.C",7
"Glu169.A","Val3870.C",7
"Met173.A","Leu3873.C",7
"Ser188.A","Gly3923.C",7
"Gly189.A","Gly3923.C",7
"Pro31.A","Gln3877.C",7
"Glu32.A","Gln3877.C",7
"Val33.A","Gln3877.C",7
"Glu54.A","Gln3878.C",7
"Asp76.A","Leu3930.C",7
"Val33.A","Ala3939.C",7
"Tyr42.A","Cys3931.C",7
"Arg68.A","Glu3906.C",7
"Val38.A","Ser3874.C",7
"Leu72.A","Val3870.C",7
"Gln63.A","Val3871.C",7
"Tyr66.A","Val3871.C",7
"Asp59.A","Ser3916.C",7
"Thr60.A","Ser3916.C",7
"Ser73.A","Ser3920.C",7
"Tyr34.A","Ala3939.C",7
"Arg68.A","Lys3861.C",7
"Leu191.A","Leu3919.C",7
"Glu130.A","Asp3936.C",7
"Glu40.A","Asn3896.C",7
"Gln63.A","Thr3868.C",7
"Arg5.A","Cys3931.C",7
"Phe30.A","Ala3939.C",7
"Pro31.A","Thr3940.C",7
"Val38.A","Val3912.C",7
"Phe39.A","Val3912.C",7
"Asn41.A","Lys3929.C",7
"Ala56.A","Asn3928.C",7
"Thr60.A","Val3912.C",7
"Gln63.A","Thr3905.C",7
"Val192.A","Val3917.C",7
"Pro36.A","Cys3867.C",7
"Trp58.A","Leu3873.C",7
"Asp76.A","Met3934.C",7
"Val38.A","Leu3918.C",7
"Ala15.A","Ser3863.C",7
"Lys18.A","Asp3864.C",7
"Tyr34.A","Lys3866.C",7
"Thr37.A","Met3862.C",7
"Phe39.A","Leu3899.C",7
"Gln63.A","Ser3860.C",7
"Gln63.A","Val3865.C",7
"Val192.A","Gln3878.C",7
"Asn41.A","Ser3913.C",7
"Thr60.A","Asp3864.C",7
"Glu40.A","Asp3926.C",6
"Asp67.A","Met3911.C",6
"Asp67.A","Leu3915.C",6
"Arg68.A","Val3912.C",6
"Pro75.A","Gln3922.C",6
"Glu102.A","Val3912.C",6
"His105.A","Ser3913.C",6
"Phe106.A","Ser3916.C",6
"Thr37.A","Glu3932.C",6
"Val38.A","Asn3928.C",6
"Tyr66.A","Glu3932.C",6
"Tyr74.A","Val3912.C",6
"His105.A","Thr3904.C",6
"Leu193.A","Glu3909.C",6
"Arg68.A","Ala3939.C",6
"His105.A","Leu3915.C",6
"Pro108.A","Leu3919.C",6
"Gly189.A","Asp3926.C",6
"Gln29.A","Lys3866.C",6
"Phe30.A","Lys3866.C",6
"Val33.A","Val3865.C",6
"Val35.A","Thr3904.C",6
"Glu40.A","Ser3874.C",6
"Glu40.A","Leu3876.C",6
"Ser188.A","Asn3937.C",6
"Leu193.A","Leu3872.C",6
"Leu193.A","Ile3927.C",6
"Ala61.A","Val3865.C",6
"Asp67.A","Thr3904.C",6
"Arg68.A","Lys3902.C",6
"Asp13.A","Ile3927.C",6
"Arg5.A","Ser3863.C",6
"Glu40.A","Leu3919.C",6
"Glu40.A","Ile3927.C",6
"Leu69.A","Leu3879.C",6
"Phe106.A","Gln3878.C",6
"Asp65.A","Val3912.C",6
"Arg68.A","Leu3919.C",6
"Leu193.A","Gln3942.C",6
"Leu193.A","Ala3907.C",6
"Trp58.A","Glu3932.C",6
"Cys190.A","Gln3922.C",6
"Leu193.A","Gln3890.C",6
"Glu40.A","Asp3864.C",6
"Asn41.A","Asp3864.C",6
"Leu69.A","Glu3882.C",6
"Val48.A","Cys3867.C",6
"Phe154.A","Leu3873.C",6
"Phe154.A","Trp3888.C",6
"Tyr156.A","His3895.C",6
"Met157.A","Val3892.C",6
"Met157.A","Asn3896.C",6
"Glu158.A","Lys3866.C",6
"Val170.A","Val3870.C",6
"Met173.A","Val3871.C",6
"Gln180.A","Ser3874.C",6
"Gly189.A","Leu3879.C",6
"Cys190.A","Leu3879.C",6
"Val192.A","Leu3930.C",6
"Lys6.A","Gln3878.C",6
"Val35.A","Val3892.C",6
"Ala56.A","Ser3874.C",6
"Gln63.A","Leu3899.C",6
"Asp65.A","Ser3863.C",6
"Tyr66.A","Leu3899.C",6
"Leu69.A","Ser3863.C",6
"Tyr74.A","Cys3867.C",6
"Tyr74.A","Thr3868.C",6
"Leu191.A","Gln3922.C",6
"Glu40.A","Cys3931.C",6
"Glu40.A","Val3871.C",6
"Lys7.A","Arg3880.C",6
"Glu40.A","Gln3877.C",6
"Asp59.A","Gln3878.C",6
"Thr60.A","Gln3878.C",6
"Leu69.A","Val3875.C",6
"Pro75.A","Arg3880.C",6
"Ala15.A","Glu3909.C",6
"Tyr34.A","Lys3861.C",6
"Asp59.A","Val3912.C",6
"Leu69.A","Ser3920.C",6
"Tyr34.A","Leu3941.C",6
"Val38.A","Leu3941.C",6
"Phe106.A","Glu3909.C",6
"Pro101.A","Phe3908.C",6
"Leu191.A","Leu3915.C",6
"Arg5.A","Glu3932.C",6
"Arg68.A","Ser3916.C",6
"Arg68.A","Ser3920.C",6
"Ala15.A","Cys3931.C",6
"Tyr34.A","Val3925.C",6
"Met134.A","Leu3935.C",6
"Met134.A","Arg3938.C",6
"Tyr34.A","Leu3900.C",6
"Thr37.A","Leu3899.C",6
"Arg68.A","Glu3933.C",6
"Lys27.A","Cys3867.C",6
"Pro75.A","Asp3864.C",6
"Val192.A","Asp3864.C",6
"Leu193.A","Thr3868.C",6
"Arg5.A","Gly3923.C",6
"Arg5.A","Ala3924.C",6
"Lys7.A","Ser3920.C",6
"Lys7.A","Met3921.C",6
"Lys7.A","Gly3923.C",6
"Leu22.A","Leu3935.C",6
"Phe25.A","Glu3932.C",6
"Ser26.A","Glu3932.C",6
"Phe30.A","Glu3932.C",6
"Phe30.A","Leu3935.C",6
"Phe30.A","Asp3936.C",6
"Pro31.A","Ala3939.C",6
"Phe39.A","Leu3935.C",6
"Val43.A","Val3925.C",6
"Val43.A","Lys3929.C",6
"Ala44.A","Val3925.C",6
"Glu54.A","Gly3923.C",6
"Glu54.A","Val3925.C",6
"Leu55.A","Val3925.C",6
"Leu55.A","Asn3928.C",6
"Ala56.A","Val3925.C",6
"Leu69.A","Glu3909.C",6
"Arg70.A","Glu3909.C",6
"Arg70.A","Ser3913.C",6
"Tyr74.A","Ser3920.C",6
"Pro75.A","Ser3883.C",6
"Pro75.A","Ser3884.C",6
"Phe106.A","Ser3913.C",6
"Leu191.A","Ser3883.C",6
"Leu193.A","Leu3914.C",6
"Pro108.A","Val3912.C",6
"Tyr34.A","Cys3867.C",6
"Val38.A","Val3875.C",6
"Pro71.A","Arg3938.C",6
"Asp76.A","Leu3879.C",6
"Lys186.A","Glu3933.C",6
"Pro36.A","Met3921.C",6
"Pro36.A","Gln3922.C",6
"Thr37.A","Ala3924.C",6
"Ala61.A","Ile3927.C",6
"Asp13.A","Asp3864.C",6
"Gly14.A","Ser3860.C",6
"Ala15.A","Ser3860.C",6
"Ala15.A","Met3862.C",6
"Ala15.A","Asp3864.C",6
"Gly17.A","Ser3863.C",6
"Lys18.A","Ser3863.C",6
"Lys18.A","Cys3867.C",6
"Thr19.A","Ser3863.C",6
"Tyr34.A","Ala3901.C",6
"Tyr34.A","Lys3902.C",6
"Val35.A","Met3862.C",6
"Val35.A","Ser3863.C",6
"Pro36.A","Met3862.C",6
"Thr37.A","Asp3903.C",6
"Val38.A","Met3862.C",6
"Asp59.A","Ser3863.C",6
"Gln63.A","Met3862.C",6
"Tyr66.A","Ala3907.C",6
"Pro71.A","Val3871.C",6
"Val33.A","Phe3908.C",6
"Pro36.A","Val3912.C",6
"Asp76.A","Glu3909.C",6
"Phe39.A","Leu3918.C",6
"Tyr66.A","Val3870.C",6
"Leu69.A","Val3892.C",6
"Thr60.A","Leu3919.C",6
"Phe106.A","Asp3864.C",6
"Glu40.A","Lys3929.C",5
"Glu64.A","Met3911.C",5
"Pro101.A","Val3912.C",5
"Trp58.A","Gln3922.C",5
"Gln63.A","Leu3935.C",5
"Arg68.A","Gln3942.C",5
"Pro71.A","Val3912.C",5
"Tyr74.A","Phe3908.C",5
"Glu102.A","Phe3908.C",5
"Pro108.A","Glu3909.C",5
"Leu69.A","Ala3939.C",5
"Leu72.A","Cys3931.C",5
"Glu97.A","Thr3905.C",5
"Pro36.A","Phe3908.C",5
"Phe39.A","Val3871.C",5
"Phe39.A","Val3875.C",5
"Gln63.A","Lys3866.C",5
"Asp76.A","Arg3938.C",5
"Ser188.A","Glu3933.C",5
"Leu191.A","Arg3880.C",5
"Leu193.A","Leu3919.C",5
"Arg5.A","Ser3874.C",5
"Tyr66.A","Ser3863.C",5
"Arg68.A","Ala3901.C",5
"Leu193.A","Leu3879.C",5
"Arg70.A","Leu3915.C",5
"Val35.A","Ala3924.C",5
"Val38.A","Leu3879.C",5
"Asn41.A","Leu3930.C",5
"Arg70.A","Leu3879.C",5
"Pro75.A","Val3870.C",5
"Pro75.A","Ser3874.C",5
"Gln63.A","Glu3909.C",5
"Asp65.A","Leu3915.C",5
"Asp65.A","Ser3916.C",5
"Val48.A","Ala3924.C",5
"Arg176.A","Glu3932.C",5
"Glu142.A","Gln3890.C",5
"Arg168.A","Leu3930.C",5
"Asn41.A","Arg3938.C",5
"Arg68.A","Leu3879.C",5
"Arg68.A","Arg3880.C",5
"Leu193.A","Leu3899.C",5
"Asp67.A","Val3912.C",5
"Arg70.A","Val3912.C",5
"Leu193.A","Lys3886.C",5
"Asp65.A","Gln3878.C",5
"Glu47.A","Ser3863.C",5
"Glu47.A","Cys3867.C",5
"Lys118.A","Leu3899.C",5
"Lys118.A","Leu3900.C",5
"Pro141.A","Trp3888.C",5
"Pro141.A","Gln3893.C",5
"Glu142.A","Ala3889.C",5
"Glu142.A","Gln3893.C",5
"Arg145.A","Ser3884.C",5
"Asp146.A","Trp3888.C",5
"Asn149.A","Ser3885.C",5
"Asn149.A","Trp3888.C",5
"Gly152.A","Gln3877.C",5
"Gly152.A","Val3881.C",5
"Ala153.A","Val3881.C",5
"Ala153.A","Ser3884.C",5
"Phe154.A","Ser3884.C",5
"Gly155.A","Leu3873.C",5
"Tyr156.A","Leu3873.C",5
"Tyr156.A","Val3892.C",5
"Met157.A","Leu3873.C",5
"Met157.A","His3895.C",5
"Glu158.A","Asn3896.C",5
"Glu158.A","Leu3899.C",5
"Cys159.A","Lys3866.C",5
"Cys159.A","Leu3899.C",5
"Lys164.A","Met3862.C",5
"Asp165.A","Met3862.C",5
"Asp165.A","Leu3899.C",5
"Gly166.A","Met3862.C",5
"Gly166.A","Lys3866.C",5
"Gly166.A","Leu3899.C",5
"Arg168.A","Met3862.C",5
"Arg168.A","Ser3863.C",5
"Glu169.A","Met3862.C",5
"Glu169.A","Ser3863.C",5
"Glu169.A","Lys3866.C",5
"Glu169.A","Cys3867.C",5
"Glu172.A","Cys3867.C",5
"Glu172.A","Val3871.C",5
"Arg176.A","Ser3874.C",5
"Ala177.A","Ser3874.C",5
"Gln180.A","Gln3878.C",5
"Ala181.A","Gln3878.C",5
"Gly189.A","Ala3924.C",5
"Cys190.A","Val3875.C",5
"Leu191.A","Val3925.C",5
"Val192.A","Ser3874.C",5
"Leu193.A","Asp3926.C",5
"Arg5.A","Val3881.C",5
"Leu8.A","Ser3874.C",5
"Pro31.A","Val3881.C",5
"Pro31.A","Ser3884.C",5
"Val33.A","Trp3888.C",5
"Val33.A","Cys3891.C",5
"Val33.A","His3895.C",5
"Tyr34.A","Val3892.C",5
"Val35.A","His3895.C",5
"Tyr42.A","Gln3877.C",5
"Val43.A","Gln3877.C",5
"Val43.A","Val3881.C",5
"Glu54.A","Val3881.C",5
"Leu55.A","Gln3878.C",5
"Ala56.A","Val3875.C",5
"Leu57.A","Ser3874.C",5
"Asp65.A","Leu3899.C",5
"Tyr74.A","Ser3863.C",5
"Tyr74.A","Asp3864.C",5
"Tyr74.A","Val3865.C",5
"Asp76.A","Lys3929.C",5
"Lys186.A","Asp3926.C",5
"Lys187.A","Asp3926.C",5
"Ser188.A","Lys3929.C",5
"Ser188.A","Leu3930.C",5
"Gly189.A","Ile3927.C",5
"Gly189.A","Leu3930.C",5
"Cys190.A","Asp3926.C",5
"Cys190.A","Ile3927.C",5
"Val192.A","Gly3923.C",5
"Val192.A","Ala3924.C",5
"Val43.A","Asp3864.C",5
"Tyr66.A","Arg3880.C",5
"Arg68.A","Val3925.C",5
"Arg68.A","Asp3926.C",5
"Trp58.A","Arg3880.C",5
"His105.A","Lys3929.C",5
"Glu32.A","Lys3861.C",5
"Val35.A","Phe3908.C",5
"Glu40.A","Leu3915.C",5
"Gln63.A","Ser3916.C",5
"Gln63.A","Ser3920.C",5
"Asp65.A","Ser3913.C",5
"Tyr66.A","Ser3913.C",5
"Asp13.A","Gln3893.C",5
"Pro101.A","Thr3905.C",5
"Glu54.A","Glu3932.C",5
"Ala15.A","Met3934.C",5
"Asp87.A","Leu3935.C",5
"Pro36.A","Leu3899.C",5
"Glu40.A","Val3892.C",5
"Gly62.A","Thr3868.C",5
"Ile23.A","Cys3867.C",5
"Pro31.A","Lys3866.C",5
"Met1.A","Gln3922.C",5
"Ala2.A","Gln3922.C",5
"Arg5.A","Ile3927.C",5
"Val38.A","Thr3940.C",5
"Phe39.A","Thr3940.C",5
"Asn41.A","Ala3939.C",5
"Asn41.A","Thr3940.C",5
"Glu54.A","Ile3927.C",5
"Glu54.A","Asn3928.C",5
"Trp58.A","Thr3940.C",5
"Asp59.A","Thr3940.C",5
"Ala61.A","Leu3941.C",5
"Arg70.A","Leu3941.C",5
"Arg183.A","Leu3919.C",5
"Lys185.A","Thr3905.C",5
"Lys187.A","Lys3861.C",5
"Lys187.A","Thr3904.C",5
"Ser188.A","Lys3861.C",5
"Ser188.A","Phe3908.C",5
"Gly189.A","Phe3908.C",5
"Cys190.A","Phe3908.C",5
"Cys190.A","Val3912.C",5
"Leu191.A","Val3865.C",5
"Leu191.A","Phe3908.C",5
"Leu191.A","Met3911.C",5
"Leu191.A","Val3912.C",5
"Val192.A","Val3865.C",5
"Val192.A","Thr3868.C",5
"Val192.A","Met3911.C",5
"Leu193.A","Leu3918.C",5
"Leu191.A","Lys3886.C",5
"Val43.A","Ser3863.C",5
"Glu40.A","Met3862.C",5
"Trp58.A","Asn3896.C",5
"Trp58.A","Leu3900.C",5
"Tyr34.A","Met3862.C",5
"Pro36.A","Val3871.C",5
"Trp58.A","Val3875.C",5
"Thr60.A","Thr3868.C",5
"Lys7.A","Leu3879.C",5
"Arg68.A","Met3862.C",5
"Tyr74.A","Val3875.C",5
"Cys107.A","Arg3938.C",5
"Val38.A","Ile3927.C",5
"Glu32.A","Leu3941.C",5
"Asp65.A","Cys3931.C",5
"Arg5.A","Gln3893.C",5
"Thr19.A","Ser3920.C",5
"Thr19.A","Gln3922.C",5
"Leu22.A","Ser3920.C",5
"Ile23.A","Met3921.C",5
"Ser26.A","Leu3887.C",5
"Lys27.A","Val3881.C",5
"Lys27.A","Leu3887.C",5
"Pro36.A","Ala3924.C",5
"Phe39.A","Val3917.C",5
"Phe39.A","Ser3920.C",5
"Phe39.A","Met3921.C",5
"Glu40.A","Val3881.C",5
"Glu40.A","Leu3887.C",5
"Glu40.A","Val3917.C",5
"Asn41.A","Cys3891.C",5
"Asn41.A","Leu3894.C",5
"Asn41.A","Leu3914.C",5
"Asn41.A","Val3917.C",5
"Tyr42.A","Leu3887.C",5
"Tyr42.A","Gln3890.C",5
"Val43.A","Gln3890.C",5
"Asp45.A","Lys3886.C",5
"Trp58.A","Ser3913.C",5
"Asp59.A","Leu3919.C",5
"Lys7.A","Val3912.C",5
"Asp76.A","Lys3910.C",5
"Tyr34.A","Val3912.C",5
"Val35.A","Val3912.C",5
"Asp67.A","Ser3860.C",5
"Ser73.A","Leu3899.C",5
"Pro75.A","Val3871.C",5
"Val35.A","Met3921.C",5
"Val38.A","Val3925.C",5
"Glu40.A","Glu3882.C",5
"Trp58.A","Met3911.C",5
"Asp65.A","Ile3927.C",5
"Val192.A","Asp3903.C",5
"Val192.A","Glu3906.C",5
"Gly14.A","Lys3861.C",5
"Asp59.A","Asp3864.C",5
"Leu72.A","Gln3877.C",5
"Thr37.A","Asp3936.C",4
"Glu40.A","Glu3932.C",4
"Asp59.A","Ile3927.C",4
"Arg68.A","Ser3869.C",4
"Arg68.A","Leu3872.C",4
"Leu72.A","Met3921.C",4
"Phe106.A","Leu3919.C",4
"Asp65.A","Leu3935.C",4
"Pro75.A","Cys3931.C",4
"Glu97.A","Thr3904.C",4
"His105.A","Leu3930.C",4
"Lys186.A","Gln3922.C",4
"Leu193.A","Glu3932.C",4
"Glu40.A","Arg3880.C",4
"Glu40.A","Val3912.C",4
"Lys187.A","Arg3938.C",4
"Lys187.A","Thr3940.C",4
"Gly189.A","Asn3937.C",4
"Gly189.A","Arg3938.C",4
"Cys190.A","Glu3933.C",4
"Asp76.A","Thr3904.C",4
"Tyr156.A","Ser3874.C",4
"Lys7.A","Cys3867.C",4
"Pro71.A","Gln3878.C",4
"Tyr74.A","Val3870.C",4
"Val38.A","Thr3904.C",4
"Glu40.A","Ser3860.C",4
"Glu40.A","Lys3861.C",4
"His105.A","Cys3931.C",4
"His105.A","Leu3935.C",4
"His105.A","Thr3940.C",4
"Leu191.A","Gln3942.C",4
"Val48.A","Gly3923.C",4
"Lys118.A","Glu3909.C",4
"Glu142.A","Thr3940.C",4
"Arg145.A","Asp3936.C",4
"Met157.A","Ser3916.C",4
"Met157.A","Leu3919.C",4
"Arg176.A","Asn3928.C",4
"Leu179.A","Val3925.C",4
"Gln180.A","Val3925.C",4
"Arg183.A","Val3925.C",4
"Val192.A","Leu3935.C",4
"Leu193.A","Phe3908.C",4
"Trp58.A","Arg3938.C",4
"Leu72.A","Arg3938.C",4
"His105.A","Gln3878.C",4
"Phe106.A","Leu3879.C",4
"Tyr66.A","Gln3942.C",4
"Ser73.A","Cys3931.C",4
"Pro75.A","Ile3927.C",4
"Asp76.A","Gln3922.C",4
"Cys190.A","Met3921.C",4
"Leu193.A","Ser3884.C",4
"Glu142.A","Val3892.C",4
"Val192.A","Met3921.C",4
"Glu93.A","Ser3860.C",4
"Lys104.A","Val3871.C",4
"Ala153.A","Met3934.C",4
"Phe154.A","Met3934.C",4
"Gly155.A","Met3934.C",4
"Gln180.A","Lys3929.C",4
"Ala181.A","Val3925.C",4
"Val38.A","Gln3878.C",4
"Val43.A","Ser3860.C",4
"Leu193.A","Ala3901.C",4
"Leu69.A","Gly3923.C",4
"Gln63.A","Ser3874.C",4
"Gln63.A","Val3875.C",4
"Gln63.A","Gln3878.C",4
"Asp67.A","Leu3930.C",4
"Pro101.A","Glu3933.C",4
"Pro101.A","Asn3937.C",4
"Phe106.A","Lys3929.C",4
"Arg5.A","Asn3928.C",4
"Gly14.A","Glu3909.C",4
"Val35.A","Lys3861.C",4
"Thr37.A","Met3911.C",4
"Tyr34.A","Thr3940.C",4
"Asp76.A","Ser3916.C",4
"Lys104.A","Phe3908.C",4
"Asp165.A","Arg3938.C",4
"Gly166.A","Arg3938.C",4
"Glu169.A","Met3934.C",4
"Lys27.A","Thr3940.C",4
"Lys27.A","Leu3941.C",4
"Lys27.A","Gln3942.C",4
"Tyr34.A","Thr3868.C",4
"Val43.A","Glu3932.C",4
"Ala44.A","Leu3935.C",4
"Asp45.A","Leu3935.C",4
"Asp45.A","Arg3938.C",4
"Arg68.A","Val3917.C",4
"Leu69.A","Ser3916.C",4
"Gly14.A","Met3934.C",4
"Ala15.A","Leu3935.C",4
"Tyr34.A","Ile3927.C",4
"Ala61.A","Val3870.C",4
"Val9.A","Leu3919.C",4
"Tyr34.A","Trp3888.C",4
"Phe106.A","Val3865.C",4
"Glu40.A","Ser3863.C",4
"Glu40.A","Lys3866.C",4
"Leu72.A","Trp3888.C",4
"Gly14.A","Lys3910.C",4
"Ala15.A","Glu3906.C",4
"Ala15.A","Lys3910.C",4
"Cys16.A","Glu3909.C",4
"Gly62.A","Leu3900.C",4
"Gln63.A","Leu3900.C",4
"Asp65.A","Lys3902.C",4
"Asn94.A","Thr3904.C",4
"Lys98.A","Asp3903.C",4
"Trp99.A","Thr3905.C",4
"Ile23.A","Lys3866.C",4
"Lys27.A","Lys3866.C",4
"Thr37.A","Val3871.C",4
"Glu40.A","Ser3869.C",4
"Asn41.A","Gln3878.C",4
"Asp59.A","Ser3874.C",4
"Gln63.A","Arg3938.C",4
"Asp65.A","Glu3933.C",4
"Asp65.A","Asn3937.C",4
"Tyr66.A","Leu3876.C",4
"Val33.A","Gly3923.C",4
"Tyr34.A","Leu3919.C",4
"Gln63.A","Gln3942.C",4
"Leu72.A","Thr3905.C",4
"Pro71.A","Met3934.C",4
"Asp49.A","Ala3924.C",4
"Val35.A","Asn3928.C",4
"Thr60.A","Ile3927.C",4
"Pro71.A","Lys3861.C",4
"Asn109.A","Glu3933.C",4
"Arg183.A","Glu3933.C",4
"Arg183.A","Met3934.C",4
"Leu191.A","Glu3933.C",4
"Thr37.A","Cys3931.C",4
"Arg68.A","Met3921.C",4
"Lys27.A","Met3921.C",4
"Val38.A","Ser3916.C",4
"Arg68.A","Gln3922.C",4
"Glu64.A","Ser3860.C",4
"Arg5.A","Ser3860.C",4
"Val33.A","Asn3937.C",4
"Val33.A","Thr3940.C",4
"Val33.A","Thr3904.C",4
"Thr37.A","Ser3916.C",4
"Pro108.A","Met3911.C",4
"Pro108.A","Leu3915.C",4
"Pro108.A","Ser3916.C",4
"Asn109.A","Leu3919.C",4
"Leu193.A","Asn3896.C",4
"Pro36.A","Asp3864.C",4
"Arg5.A","Leu3894.C",4
"Arg5.A","Lys3910.C",4
"Arg5.A","Ser3913.C",4
"Lys7.A","Ser3913.C",4
"Gly14.A","Gln3922.C",4
"Ala15.A","Gln3922.C",4
"Thr19.A","Met3921.C",4
"Lys27.A","Ser3884.C",4
"Val35.A","Gly3923.C",4
"Pro36.A","Gly3923.C",4
"Val38.A","Val3881.C",4
"Val38.A","Met3921.C",4
"Phe39.A","Val3881.C",4
"Phe39.A","Leu3887.C",4
"Glu40.A","Trp3888.C",4
"Glu40.A","Cys3891.C",4
"Glu40.A","Ser3916.C",4
"Asn41.A","Leu3915.C",4
"Tyr42.A","Cys3891.C",4
"Val43.A","Cys3891.C",4
"Val43.A","Gln3893.C",4
"Val43.A","Leu3894.C",4
"Ala44.A","Gln3890.C",4
"Asp45.A","Gln3890.C",4
"Glu54.A","Gln3893.C",4
"Ala56.A","Leu3894.C",4
"Ala56.A","Ser3913.C",4
"Trp58.A","Leu3914.C",4
"Trp58.A","Ser3916.C",4
"Trp58.A","Val3917.C",4
"Trp58.A","Ser3920.C",4
"Asp59.A","Ser3920.C",4
"Asp59.A","Met3921.C",4
"Gln63.A","Gln3922.C",4
"Asp65.A","Asn3928.C",4
"Asp76.A","Ser3913.C",4
"Cys190.A","Glu3909.C",4
"Leu191.A","Glu3906.C",4
"Leu191.A","Glu3909.C",4
"Leu191.A","Lys3910.C",4
"Tyr66.A","Ala3924.C",4
"Thr37.A","Asn3896.C",4
"Arg68.A","Ser3863.C",4
"Pro75.A","Met3934.C",4
"Ala15.A","Lys3861.C",4
"Thr19.A","Asp3864.C",4
"Thr37.A","Lys3902.C",4
"Arg68.A","Gln3878.C",4
"Arg68.A","Ser3883.C",4
"Val192.A","Leu3876.C",4
"Asn41.A","Trp3888.C",4
"Asn41.A","Val3892.C",4
"Tyr34.A","Asp3936.C",3
"Tyr34.A","Arg3938.C",3
"Val35.A","Arg3938.C",3
"Pro36.A","Leu3935.C",3
"Thr37.A","Met3934.C",3
"Phe39.A","Glu3932.C",3
"Trp58.A","Asp3926.C",3
"Thr60.A","Cys3931.C",3
"Arg68.A","Ile3898.C",3
"Arg68.A","Lys3910.C",3
"Arg68.A","Leu3914.C",3
"Arg70.A","Ile3927.C",3
"Pro71.A","Met3911.C",3
"Pro75.A","Asn3928.C",3
"His105.A","Leu3918.C",3
"His105.A","Val3925.C",3
"Phe106.A","Cys3931.C",3
"Lys187.A","Gln3922.C",3
"Glu32.A","Val3865.C",3
"Val33.A","Met3862.C",3
"Leu72.A","Thr3904.C",3
"Lys187.A","Asp3936.C",3
"Pro96.A","Val3870.C",3
"Pro96.A","Val3871.C",3
"Glu97.A","Val3871.C",3
"Pro101.A","Val3870.C",3
"Pro101.A","Val3871.C",3
"His105.A","Ser3863.C",3
"His105.A","Asp3864.C",3
"His105.A","Cys3867.C",3
"Pro141.A","Ser3874.C",3
"Arg145.A","Ser3874.C",3
"Tyr156.A","Val3870.C",3
"Tyr156.A","Val3871.C",3
"Met173.A","His3895.C",3
"Arg5.A","Lys3861.C",3
"Arg5.A","Asp3864.C",3
"Lys7.A","Arg3938.C",3
"Thr19.A","Asp3926.C",3
"Phe25.A","Leu3930.C",3
"Lys27.A","Asp3926.C",3
"Val38.A","Gln3922.C",3
"Phe39.A","Ile3927.C",3
"Leu69.A","Gln3878.C",3
"Tyr74.A","Val3871.C",3
"Val35.A","Thr3905.C",3
"Pro36.A","Thr3905.C",3
"Val38.A","Thr3905.C",3
"Glu40.A","Thr3904.C",3
"Asn41.A","Lys3861.C",3
"Ala61.A","Phe3908.C",3
"Glu64.A","Leu3919.C",3
"Pro75.A","Thr3940.C",3
"Pro75.A","Leu3941.C",3
"Asp76.A","Leu3941.C",3
"Phe106.A","Thr3940.C",3
"Cys107.A","Thr3940.C",3
"Pro108.A","Arg3938.C",3
"Pro108.A","Thr3940.C",3
"Ser188.A","Thr3940.C",3
"Ser188.A","Leu3941.C",3
"Gly189.A","Leu3941.C",3
"Cys190.A","Leu3941.C",3
"Leu191.A","Leu3941.C",3
"Val192.A","Leu3941.C",3
"Glu47.A","Arg3880.C",3
"Glu47.A","Gln3922.C",3
"Val48.A","Met3921.C",3
"Val48.A","Gln3922.C",3
"Asp49.A","Arg3880.C",3
"Asp49.A","Gln3922.C",3
"Gly50.A","Arg3880.C",3
"Arg176.A","Lys3929.C",3
"Gly189.A","Asp3936.C",3
"Leu191.A","Leu3935.C",3
"Leu191.A","Ala3939.C",3
"Leu191.A","Thr3940.C",3
"Arg145.A","Leu3887.C",3
"Arg145.A","Gln3890.C",3
"Asp146.A","Gln3890.C",3
"Arg5.A","Thr3905.C",3
"Lys7.A","Phe3908.C",3
"Tyr66.A","Glu3933.C",3
"Pro71.A","Leu3879.C",3
"Leu72.A","Leu3876.C",3
"Asp76.A","Phe3908.C",3
"Ser188.A","Cys3867.C",3
"Gly189.A","Cys3867.C",3
"Cys190.A","Lys3866.C",3
"Cys190.A","Cys3867.C",3
"Leu191.A","Cys3867.C",3
"Lys7.A","Ile3927.C",3
"Phe39.A","Asp3936.C",3
"Glu40.A","Asp3936.C",3
"Asn41.A","Asp3936.C",3
"Asp59.A","Leu3935.C",3
"Glu64.A","Thr3904.C",3
"Glu64.A","Thr3905.C",3
"Leu69.A","Leu3935.C",3
"Pro71.A","Ser3916.C",3
"Ser73.A","Leu3935.C",3
"Lys98.A","Glu3909.C",3
"His105.A","Ser3916.C",3
"His105.A","Val3917.C",3
"Phe106.A","Ser3920.C",3
"Gly189.A","Ser3920.C",3
"Cys190.A","Ser3920.C",3
"Val192.A","Lys3886.C",3
"Leu193.A","Val3917.C",3
"Tyr42.A","Ser3863.C",3
"Val38.A","Asn3896.C",3
"Leu191.A","Gln3878.C",3
"Glu32.A","Arg3938.C",3
"Arg145.A","Leu3935.C",3
"Gly152.A","Lys3929.C",3
"Ala153.A","Lys3929.C",3
"Phe154.A","Lys3929.C",3
"Phe154.A","Glu3932.C",3
"Tyr156.A","Leu3935.C",3
"Glu172.A","Glu3932.C",3
"Met173.A","Glu3932.C",3
"Arg183.A","Asp3926.C",3
"Arg183.A","Lys3929.C",3
"Thr37.A","Gln3878.C",3
"Asn41.A","Thr3868.C",3
"Trp58.A","Thr3868.C",3
"Val192.A","Lys3866.C",3
"Leu193.A","Lys3866.C",3
"Leu193.A","Leu3900.C",3
"Arg145.A","Leu3900.C",3
"Val9.A","Gln3878.C",3
"Ala56.A","Arg3880.C",3
"Gly62.A","Val3871.C",3
"Arg70.A","Val3875.C",3
"Pro75.A","Leu3879.C",3
"Pro75.A","Ala3924.C",3
"Glu97.A","Asn3937.C",3
"Glu97.A","Thr3940.C",3
"Lys98.A","Thr3940.C",3
"Glu102.A","Glu3933.C",3
"His105.A","Glu3932.C",3
"Val38.A","Thr3868.C",3
"Asn41.A","Leu3919.C",3
"Ala61.A","Val3912.C",3
"Tyr66.A","Leu3887.C",3
"Tyr66.A","Gln3890.C",3
"Gln63.A","Glu3906.C",3
"Ser88.A","Leu3900.C",3
"Asn94.A","Gln3893.C",3
"Glu97.A","Lys3886.C",3
"Ala61.A","Leu3935.C",3
"Lys104.A","Met3911.C",3
"Lys104.A","Val3912.C",3
"Phe154.A","Leu3930.C",3
"Glu158.A","Arg3938.C",3
"Cys159.A","Arg3938.C",3
"Ser160.A","Arg3938.C",3
"Ser188.A","Val3881.C",3
"Ser188.A","Gln3922.C",3
"Gly189.A","Gln3922.C",3
"Val192.A","Ile3927.C",3
"Ser26.A","Thr3940.C",3
"Val33.A","Ser3860.C",3
"Val33.A","Asp3864.C",3
"Phe39.A","Met3934.C",3
"Phe39.A","Gln3942.C",3
"Tyr66.A","Ser3916.C",3
"Phe39.A","Phe3908.C",3
"Lys118.A","Leu3935.C",3
"Gln63.A","Cys3867.C",3
"Val35.A","Trp3888.C",3
"Asp65.A","Lys3886.C",3
"Arg5.A","Leu3900.C",3
"Gln63.A","Met3934.C",3
"Arg70.A","Cys3931.C",3
"Pro101.A","Lys3861.C",3
"His105.A","Val3865.C",3
"His105.A","Ala3907.C",3
"His105.A","Met3911.C",3
"Asn41.A","Asn3896.C",3
"Asn41.A","Ala3901.C",3
"Glu64.A","Leu3899.C",3
"Asp13.A","Thr3940.C",3
"Asp13.A","Leu3941.C",3
"Gly14.A","Thr3940.C",3
"Val33.A","Gln3922.C",3
"Tyr34.A","Leu3918.C",3
"Val35.A","Leu3919.C",3
"Gly62.A","Gln3942.C",3
"Glu64.A","Leu3941.C",3
"Ser88.A","Thr3940.C",3
"Asp90.A","Thr3940.C",3
"Ser91.A","Thr3940.C",3
"Asn94.A","Thr3940.C",3
"Asn94.A","Leu3941.C",3
"Lys98.A","Leu3941.C",3
"Trp99.A","Leu3941.C",3
"Thr127.A","Leu3935.C",3
"Glu130.A","Leu3935.C",3
"Leu131.A","Leu3935.C",3
"Leu72.A","Leu3941.C",3
"Thr19.A","Cys3867.C",3
"Gly62.A","Val3865.C",3
"Gln63.A","Leu3872.C",3
"Asp65.A","Lys3866.C",3
"Glu47.A","Ala3924.C",3
"Glu47.A","Val3925.C",3
"Glu47.A","Asp3926.C",3
"Pro141.A","Leu3899.C",3
"Lys164.A","Met3934.C",3
"Asp165.A","Asn3937.C",3
"Glu169.A","Arg3938.C",3
"Cys190.A","Leu3873.C",3
"Val192.A","Leu3873.C",3
"Val192.A","His3895.C",3
"Tyr34.A","Asp3926.C",3
"Glu40.A","Ser3920.C",3
"Asp67.A","Asp3864.C",3
"Lys133.A","Asp3936.C",3
"Asn109.A","Met3934.C",3
"Arg145.A","Gln3877.C",3
"Asn149.A","Arg3880.C",3
"Gly155.A","Ser3874.C",3
"Gly155.A","Gln3878.C",3
"Asn41.A","Asp3926.C",3
"Glu32.A","Phe3908.C",3
"Glu32.A","Thr3940.C",3
"Val38.A","Val3917.C",3
"Asn41.A","Gln3890.C",3
"Asp49.A","Val3925.C",3
"Lys118.A","Ser3863.C",3
"Val192.A","Leu3879.C",3
"Tyr34.A","Asn3937.C",3
"Tyr42.A","Asp3864.C",3
"Glu172.A","Lys3866.C",3
"Gln180.A","Val3875.C",3
"Ser188.A","Ala3924.C",3
"Ile4.A","Gln3878.C",3
"Lys7.A","Val3870.C",3
"Val9.A","Val3871.C",3
"Asp67.A","Ser3863.C",3
"Leu69.A","Lys3866.C",3
"Asp76.A","Leu3873.C",3
"Phe154.A","Glu3933.C",3
"Gln180.A","Glu3933.C",3
"Val192.A","Trp3888.C",3
"Val192.A","Val3892.C",3
"Leu193.A","Trp3888.C",3
"Asp65.A","Thr3904.C",3
"Arg68.A","Val3870.C",3
"Arg68.A","Leu3873.C",3
"Lys27.A","Ser3860.C",3
"Phe39.A","Ser3863.C",3
"Glu40.A","Val3865.C",3
"Glu40.A","Ala3901.C",3
"Val43.A","Lys3902.C",3
"Asp65.A","Ser3874.C",3
"Asp13.A","Gln3922.C",3
"Leu57.A","Ser3920.C",3
"Tyr66.A","Ala3901.C",3
"Tyr66.A","Lys3902.C",3
"Arg68.A","Ser3860.C",3
"Thr77.A","Cys3931.C",3
"Pro75.A","Gln3877.C",3
"Thr60.A","Ser3920.C",3
"Asp65.A","Arg3880.C",3
"Asp65.A","Glu3882.C",3
"Gly189.A","Glu3933.C",3
"Glu40.A","Ser3884.C",3
"Val192.A","Lys3902.C",3
"Gln63.A","Val3925.C",3
"Tyr66.A","Leu3879.C",3
"Phe106.A","Ser3860.C",3
"Phe39.A","Cys3931.C",3
"Glu40.A","Ala3939.C",3
"Gln63.A","Leu3919.C",3
"Glu64.A","Gln3922.C",3
"Asp65.A","Ser3920.C",3
"Asp65.A","Gln3922.C",3
"Tyr66.A","Gln3922.C",3
"Tyr66.A","Asn3928.C",3
"Asp67.A","Gln3922.C",3
"Leu69.A","Asp3926.C",3
"Leu72.A","Asn3928.C",3
"Asp65.A","Met3862.C",3
"Asp65.A","Thr3905.C",3
"Arg5.A","Ser3883.C",3
"Arg5.A","Glu3882.C",3
"Arg5.A","Ser3884.C",3
"Val35.A","Leu3900.C",3
"Pro36.A","Asn3896.C",3
"Pro36.A","Leu3900.C",3
"Phe39.A","Leu3873.C",3
"Val43.A","Ser3883.C",3
"Val43.A","Ser3884.C",3
"Glu54.A","Ser3884.C",3
"Ala56.A","Ser3883.C",3
"Ser73.A","Gln3877.C",3
"Val35.A","Leu3935.C",2
"Cys107.A","Leu3919.C",2
"Asp65.A","Thr3940.C",2
"Asp65.A","Leu3941.C",2
"Arg68.A","Asn3937.C",2
"Arg68.A","Thr3940.C",2
"Leu69.A","Arg3938.C",2
"Leu69.A","Thr3940.C",2
"Pro71.A","Cys3931.C",2
"Leu72.A","Leu3935.C",2
"Tyr74.A","Cys3931.C",2
"Pro96.A","Phe3908.C",2
"Pro96.A","Val3912.C",2
"Glu97.A","Phe3908.C",2
"Glu97.A","Val3912.C",2
"Pro101.A","Leu3915.C",2
"Lys104.A","Leu3919.C",2
"His105.A","Leu3919.C",2
"His105.A","Ile3927.C",2
"Phe106.A","Ile3927.C",2
"Pro108.A","Ile3927.C",2
"Lys187.A","Leu3919.C",2
"Lys187.A","Ile3927.C",2
"Ser188.A","Asn3928.C",2
"Gly189.A","Asn3928.C",2
"Cys190.A","Asn3928.C",2
"Leu191.A","Asn3928.C",2
"Leu191.A","Glu3932.C",2
"Val192.A","Asn3928.C",2
"Val192.A","Glu3932.C",2
"Ser26.A","Ser3874.C",2
"Lys27.A","Val3870.C",2
"Lys27.A","Val3871.C",2
"Lys27.A","Ser3874.C",2
"Gln29.A","Cys3867.C",2
"Phe30.A","Cys3867.C",2
"Pro31.A","Cys3867.C",2
"Glu32.A","Lys3866.C",2
"Tyr34.A","Ala3907.C",2
"Glu40.A","Val3875.C",2
"Asn41.A","Leu3879.C",2
"Tyr42.A","Ser3874.C",2
"Tyr42.A","Gln3878.C",2
"Tyr42.A","Leu3879.C",2
"Val43.A","Leu3879.C",2
"Tyr66.A","Ala3939.C",2
"Leu69.A","Asn3937.C",2
"Leu72.A","Glu3933.C",2
"Lys187.A","Ala3939.C",2
"Pro101.A","Cys3867.C",2
"Lys104.A","Cys3867.C",2
"Lys104.A","Val3870.C",2
"Phe106.A","Ser3863.C",2
"Pro108.A","Ser3863.C",2
"Asn149.A","Asn3896.C",2
"Ile151.A","Val3870.C",2
"Thr19.A","Lys3866.C",2
"Asp59.A","Lys3866.C",2
"Thr60.A","Lys3866.C",2
"Arg145.A","Gln3878.C",2
"Gly152.A","Cys3867.C",2
"Ala153.A","Cys3867.C",2
"Phe154.A","Ser3863.C",2
"Phe154.A","Cys3867.C",2
"Phe154.A","Val3870.C",2
"Met173.A","Leu3899.C",2
"Arg176.A","Leu3899.C",2
"Ala3.A","Lys3861.C",2
"Ala3.A","Gln3942.C",2
"Arg5.A","Arg3938.C",2
"Arg5.A","Leu3941.C",2
"Lys6.A","Arg3938.C",2
"Leu22.A","Asp3926.C",2
"Leu22.A","Leu3930.C",2
"Ile23.A","Asp3926.C",2
"Phe25.A","Glu3933.C",2
"Ser26.A","Leu3930.C",2
"Ser26.A","Glu3933.C",2
"Lys27.A","Lys3929.C",2
"Lys27.A","Leu3930.C",2
"Thr37.A","Leu3879.C",2
"Val38.A","Ala3924.C",2
"Phe39.A","Leu3879.C",2
"Val43.A","Glu3933.C",2
"Val43.A","Asn3937.C",2
"Ala44.A","Asn3937.C",2
"Ala44.A","Leu3941.C",2
"Asp45.A","Leu3941.C",2
"Gln52.A","Gln3942.C",2
"Glu54.A","Met3934.C",2
"Glu54.A","Asn3937.C",2
"Glu54.A","Arg3938.C",2
"Glu54.A","Leu3941.C",2
"Leu55.A","Arg3938.C",2
"Ala56.A","Met3934.C",2
"Ala56.A","Arg3938.C",2
"Thr60.A","Leu3879.C",2
"Arg70.A","Gln3878.C",2
"Arg70.A","Arg3880.C",2
"Arg70.A","Val3881.C",2
"Tyr74.A","Ser3874.C",2
"Asp59.A","Lys3861.C",2
"Gly189.A","Gln3942.C",2
"Ile46.A","Val3881.C",2
"Ile46.A","Ser3920.C",2
"Ile46.A","Met3921.C",2
"Ile46.A","Gln3922.C",2
"Ile46.A","Gly3923.C",2
"Glu47.A","Val3881.C",2
"Glu47.A","Met3921.C",2
"Asp49.A","Gln3878.C",2
"Val53.A","Gly3923.C",2
"Lys119.A","Glu3909.C",2
"Val139.A","Phe3908.C",2
"Val139.A","Gln3942.C",2
"Lys140.A","Gln3942.C",2
"Pro141.A","Ala3939.C",2
"Pro141.A","Thr3940.C",2
"Pro141.A","Gln3942.C",2
"Arg145.A","Thr3940.C",2
"Glu158.A","Val3912.C",2
"Thr163.A","Gln3890.C",2
"Thr163.A","Ser3913.C",2
"Lys164.A","Gln3890.C",2
"Lys164.A","Ser3913.C",2
"Lys164.A","Ser3916.C",2
"Lys164.A","Val3917.C",2
"Arg168.A","Ser3920.C",2
"Arg168.A","Met3921.C",2
"Glu169.A","Val3912.C",2
"Glu169.A","Ser3916.C",2
"Phe171.A","Ser3920.C",2
"Glu172.A","Ser3916.C",2
"Glu172.A","Leu3919.C",2
"Glu172.A","Ser3920.C",2
"Glu172.A","Gly3923.C",2
"Glu172.A","Asn3928.C",2
"Arg176.A","Val3925.C",2
"Leu179.A","Gly3923.C",2
"Leu179.A","Ala3924.C",2
"Lys187.A","Glu3932.C",2
"Ser188.A","Glu3932.C",2
"Gly189.A","Glu3932.C",2
"Cys190.A","Glu3932.C",2
"Cys190.A","Leu3935.C",2
"Leu193.A","Ala3939.C",2
"Asp49.A","Arg3938.C",2
"Asp49.A","Gln3942.C",2
"Gly50.A","Arg3938.C",2
"Lys119.A","Leu3919.C",2
"Lys119.A","Ser3920.C",2
"Lys119.A","Met3921.C",2
"Lys119.A","Gln3922.C",2
"Lys119.A","Ile3927.C",2
"Asp120.A","Gln3922.C",2
"Arg122.A","Ser3920.C",2
"Arg122.A","Met3921.C",2
"Arg122.A","Gln3922.C",2
"Asn123.A","Gln3922.C",2
"Lys140.A","Ser3920.C",2
"Pro141.A","Leu3887.C",2
"Pro141.A","Gln3890.C",2
"Pro141.A","Val3917.C",2
"Pro141.A","Ser3920.C",2
"Glu142.A","Ser3884.C",2
"Glu142.A","Lys3886.C",2
"Glu142.A","Leu3887.C",2
"Arg145.A","Leu3876.C",2
"Arg145.A","Val3881.C",2
"Arg145.A","Cys3891.C",2
"Arg145.A","Leu3894.C",2
"Arg145.A","Ser3913.C",2
"Arg145.A","Leu3914.C",2
"Arg145.A","Val3917.C",2
"Asp146.A","Lys3886.C",2
"Ala148.A","Ser3913.C",2
"Asn149.A","Leu3894.C",2
"Asn149.A","Ser3913.C",2
"Gly152.A","Glu3909.C",2
"Ala153.A","Glu3909.C",2
"Ala153.A","Val3912.C",2
"Ala153.A","Ser3913.C",2
"Phe154.A","Thr3905.C",2
"Phe154.A","Phe3908.C",2
"Phe154.A","Glu3909.C",2
"Phe154.A","Val3912.C",2
"Gly155.A","Val3912.C",2
"Gly155.A","Ser3913.C",2
"Tyr156.A","Val3912.C",2
"Tyr156.A","Ser3913.C",2
"Tyr156.A","Ser3916.C",2
"Tyr156.A","Val3917.C",2
"Glu158.A","Ser3916.C",2
"Glu158.A","Leu3919.C",2
"Glu158.A","Ser3920.C",2
"Cys159.A","Leu3919.C",2
"Asp165.A","Leu3919.C",2
"Asp165.A","Ile3927.C",2
"Gly166.A","Leu3919.C",2
"Arg168.A","Glu3933.C",2
"Glu169.A","Leu3919.C",2
"Glu169.A","Leu3930.C",2
"Met173.A","Val3912.C",2
"Met173.A","Ser3916.C",2
"Arg176.A","Arg3938.C",2
"Arg176.A","Gln3942.C",2
"Gln180.A","Thr3905.C",2
"Arg183.A","Thr3905.C",2
"Arg183.A","Glu3909.C",2
"Thr37.A","Glu3933.C",2
"Val38.A","Glu3933.C",2
"Val38.A","Asn3937.C",2
"Phe39.A","Asn3937.C",2
"Glu40.A","Asn3937.C",2
"Asn41.A","Asn3937.C",2
"Trp58.A","Glu3933.C",2
"Trp58.A","Asn3937.C",2
"Asp59.A","Asn3937.C",2
"Ala61.A","Glu3933.C",2
"Ala61.A","Met3934.C",2
"Asp67.A","Leu3879.C",2
"Arg70.A","Met3934.C",2
"Pro71.A","Val3875.C",2
"Leu72.A","Arg3880.C",2
"Ser73.A","Met3934.C",2
"Ser73.A","Arg3938.C",2
"Phe106.A","Ser3874.C",2
"Lys185.A","Ser3874.C",2
"Leu191.A","Val3871.C",2
"Leu191.A","Thr3904.C",2
"Arg145.A","Val3892.C",2
"Arg168.A","Cys3867.C",2
"Gln29.A","Arg3938.C",2
"Leu92.A","Leu3941.C",2
"Glu93.A","Ser3863.C",2
"Glu93.A","Asp3864.C",2
"Pro96.A","Cys3867.C",2
"Glu97.A","Cys3867.C",2
"Glu97.A","Thr3868.C",2
"Glu97.A","Val3870.C",2
"Thr100.A","Val3871.C",2
"Thr100.A","Ser3874.C",2
"Thr100.A","Val3875.C",2
"Pro101.A","Ser3874.C",2
"Lys104.A","Ser3874.C",2
"Lys104.A","Val3875.C",2
"Lys104.A","Gln3877.C",2
"Lys104.A","Gln3878.C",2
"His105.A","Ser3874.C",2
"His105.A","Gln3877.C",2
"Cys107.A","Gln3878.C",2
"Pro108.A","Gln3878.C",2
"Pro108.A","Arg3880.C",2
"Asn109.A","Gln3878.C",2
"Asn109.A","Leu3879.C",2
"Asn109.A","Arg3880.C",2
"Val110.A","Gln3878.C",2
"Arg122.A","Asn3937.C",2
"Lys140.A","Asn3937.C",2
"Pro141.A","Asp3936.C",2
"Pro141.A","Asn3937.C",2
"Pro141.A","Arg3938.C",2
"Glu142.A","Asn3937.C",2
"Glu142.A","Arg3938.C",2
"Glu142.A","Ala3939.C",2
"Glu143.A","Asn3937.C",2
"Glu143.A","Arg3938.C",2
"Glu143.A","Ala3939.C",2
"Glu143.A","Leu3941.C",2
"Gly144.A","Asn3937.C",2
"Arg145.A","Glu3933.C",2
"Arg145.A","Met3934.C",2
"Arg145.A","Asn3937.C",2
"Arg145.A","Arg3938.C",2
"Asp146.A","Arg3938.C",2
"Asp146.A","Ala3939.C",2
"Asp146.A","Thr3940.C",2
"Asp146.A","Leu3941.C",2
"Asp146.A","Gln3942.C",2
"Met147.A","Leu3941.C",2
"Ala148.A","Met3934.C",2
"Asn149.A","Met3934.C",2
"Asn149.A","Gln3942.C",2
"Arg150.A","Asp3864.C",2
"Arg150.A","Val3865.C",2
"Arg150.A","Cys3867.C",2
"Arg150.A","Thr3868.C",2
"Arg150.A","Val3871.C",2
"Arg150.A","Leu3941.C",2
"Arg150.A","Gln3942.C",2
"Ile151.A","Val3871.C",2
"Ile151.A","Val3875.C",2
"Gly152.A","Asp3926.C",2
"Gly155.A","Glu3932.C",2
"Tyr156.A","Glu3932.C",2
"Tyr156.A","Glu3933.C",2
"Tyr156.A","Met3934.C",2
"Tyr156.A","Asn3937.C",2
"Met157.A","Leu3935.C",2
"Glu158.A","Leu3935.C",2
"Glu158.A","Asp3936.C",2
"Glu158.A","Asn3937.C",2
"Met173.A","Glu3933.C",2
"Gln180.A","Asn3928.C",2
"Ala181.A","Asn3928.C",2
"Arg183.A","Gln3878.C",2
"Arg183.A","Leu3879.C",2
"Arg183.A","Gly3923.C",2
"Gly184.A","Gln3922.C",2
"Gly184.A","Gly3923.C",2
"Lys185.A","Leu3879.C",2
"Lys185.A","Arg3880.C",2
"Lys185.A","Val3881.C",2
"Lys185.A","Met3921.C",2
"Lys185.A","Gln3922.C",2
"Lys185.A","Gly3923.C",2
"Lys186.A","Gly3923.C",2
"Arg5.A","Cys3867.C",2
"Lys27.A","Arg3938.C",2
"Ala56.A","Cys3867.C",2
"Asp76.A","Lys3866.C",2
"Val192.A","Leu3899.C",2
"Asp49.A","Cys3867.C",2
"Arg145.A","Asn3896.C",2
"Asn149.A","Gln3890.C",2
"Tyr156.A","Leu3899.C",2
"Tyr156.A","Leu3900.C",2
"Arg176.A","Cys3867.C",2
"Arg176.A","Val3870.C",2
"Val38.A","Ser3883.C",2
"Arg68.A","Gly3923.C",2
"Arg68.A","Ala3924.C",2
"Leu72.A","Gly3923.C",2
"Asp67.A","Thr3940.C",2
"Glu102.A","Asn3937.C",2
"Thr19.A","Val3912.C",2
"Thr19.A","Leu3915.C",2
"Val38.A","Leu3872.C",2
"Val38.A","Met3911.C",2
"Val43.A","Ile3927.C",2
"Ala61.A","Ser3913.C",2
"Ala61.A","Ser3916.C",2
"Gly62.A","Val3912.C",2
"Gly62.A","Ser3913.C",2
"Gly62.A","Ser3916.C",2
"Gln63.A","Val3917.C",2
"Tyr66.A","Gln3893.C",2
"Tyr66.A","Leu3894.C",2
"Tyr66.A","Val3917.C",2
"Leu69.A","Leu3887.C",2
"Leu69.A","Val3917.C",2
"Leu72.A","Ser3920.C",2
"Tyr34.A","Gln3942.C",2
"Pro36.A","Leu3941.C",2
"Pro36.A","Gln3942.C",2
"Arg68.A","Ala3907.C",2
"Pro96.A","Thr3905.C",2
"Lys104.A","Leu3915.C",2
"Asn149.A","Ser3916.C",2
"Cys190.A","Leu3915.C",2
"Cys190.A","Leu3918.C",2
"Gln29.A","Gln3942.C",2
"Glu54.A","Leu3935.C",2
"Gly14.A","Leu3935.C",2
"Ile23.A","Leu3919.C",2
"Phe30.A","Asp3926.C",2
"Glu32.A","Met3921.C",2
"Val33.A","Met3921.C",2
"Tyr34.A","Met3934.C",2
"Val35.A","Thr3868.C",2
"Val35.A","Leu3872.C",2
"Val35.A","Met3911.C",2
"Glu40.A","Phe3908.C",2
"Lys118.A","Cys3931.C",2
"His126.A","Glu3932.C",2
"Thr60.A","Val3870.C",2
"Asp65.A","Asp3864.C",2
"Tyr66.A","Ser3869.C",2
"Val33.A","Leu3900.C",2
"Pro36.A","Thr3904.C",2
"Arg5.A","Leu3899.C",2
"Lys27.A","Asp3864.C",2
"Arg5.A","Gln3922.C",2
"Pro36.A","Glu3932.C",2
"Val38.A","Lys3929.C",2
"Asp76.A","Leu3919.C",2
"Cys107.A","Val3912.C",2
"Val192.A","Gln3890.C",2
"Val192.A","Leu3894.C",2
"Leu193.A","Ser3920.C",2
"Lys7.A","Asn3896.C",2
"Asn41.A","Leu3900.C",2
"Ala56.A","Leu3900.C",2
"Ser73.A","Asn3896.C",2
"Pro75.A","Val3892.C",2
"Pro75.A","Asn3896.C",2
"Asp76.A","Gln3893.C",2
"Gly12.A","Asp3903.C",2
"Asp13.A","Asp3903.C",2
"Asp13.A","Thr3905.C",2
"Asp13.A","Glu3906.C",2
"Gly14.A","Asp3903.C",2
"Gly14.A","Glu3906.C",2
"Phe30.A","Lys3886.C",2
"Pro31.A","Lys3886.C",2
"Glu32.A","Ser3885.C",2
"Glu32.A","Lys3886.C",2
"Glu32.A","Ala3889.C",2
"Glu32.A","Gln3890.C",2
"Val33.A","Lys3886.C",2
"Val33.A","Ala3889.C",2
"Val33.A","Gln3890.C",2
"Val33.A","Gln3893.C",2
"Tyr34.A","Gln3893.C",2
"Val35.A","Gln3893.C",2
"Val35.A","Asp3897.C",2
"Pro36.A","Gln3893.C",2
"Pro36.A","Asp3897.C",2
"Pro36.A","Glu3906.C",2
"Pro36.A","Lys3910.C",2
"Gly62.A","Lys3902.C",2
"Gly62.A","Asp3903.C",2
"Gly62.A","Glu3906.C",2
"Gln63.A","Asp3897.C",2
"Gln63.A","Ala3901.C",2
"Gln63.A","Lys3902.C",2
"Glu64.A","Lys3866.C",2
"Glu64.A","Leu3900.C",2
"Glu64.A","Ala3901.C",2
"Glu64.A","Lys3902.C",2
"Asp67.A","Lys3902.C",2
"Asp67.A","Asp3903.C",2
"Arg70.A","Asp3903.C",2
"Ser85.A","Glu3909.C",2
"Asp87.A","Glu3909.C",2
"Asp87.A","Val3912.C",2
"Ser88.A","Thr3905.C",2
"Ser88.A","Phe3908.C",2
"Ser88.A","Glu3909.C",2
"Asp90.A","Thr3905.C",2
"Asp90.A","Phe3908.C",2
"Ser91.A","Thr3905.C",2
"Glu93.A","Lys3861.C",2
"Glu93.A","Thr3904.C",2
"Asn94.A","Asp3903.C",2
"Asn94.A","Thr3905.C",2
"Lys98.A","Lys3902.C",2
"Trp99.A","Asp3903.C",2
"Glu102.A","Asp3903.C",2
"His126.A","Val3912.C",2
"His126.A","Leu3915.C",2
"His126.A","Ser3916.C",2
"His126.A","Leu3919.C",2
"Thr127.A","Val3912.C",2
"Arg129.A","Leu3915.C",2
"Arg129.A","Leu3919.C",2
"Glu130.A","Val3912.C",2
"Glu130.A","Leu3915.C",2
"Lys133.A","Gln3942.C",2
"Met134.A","Phe3908.C",2
"Met134.A","Leu3941.C",2
"Met134.A","Gln3942.C",2
"Gly62.A","Leu3941.C",2
"Val48.A","Arg3880.C",2
"Asp49.A","Gly3923.C",2
"Val53.A","Gln3878.C",2
"Gly166.A","Val3870.C",2
"Glu169.A","Ser3874.C",2
"Glu172.A","Gln3877.C",2
"Arg176.A","Trp3888.C",2
"Leu179.A","Arg3880.C",2
"Gln180.A","Ala3889.C",2
"Leu193.A","Cys3867.C",2
"Leu193.A","Val3870.C",2
"Asp13.A","Asn3928.C",2
"Ala15.A","Glu3932.C",2
"Cys16.A","Asn3928.C",2
"Gly17.A","Asn3928.C",2
"Val35.A","Val3925.C",2
"Val35.A","Asp3926.C",2
"Pro36.A","Val3925.C",2
"Asp67.A","Glu3909.C",2
"Pro108.A","Glu3932.C",2
"Asn109.A","Glu3932.C",2
"Asn149.A","Gln3878.C",2
"Ala177.A","Cys3867.C",2
"Leu179.A","Cys3867.C",2
"Gln180.A","Thr3868.C",2
"Gln180.A","Val3871.C",2
"Ala181.A","Gln3942.C",2
"Arg182.A","Gln3942.C",2
"Arg183.A","Glu3932.C",2
"Gly184.A","Glu3933.C",2
"Gly184.A","Met3934.C",2
"Lys185.A","Glu3933.C",2
"Lys186.A","Gln3942.C",2
"Val192.A","Glu3933.C",2
"Leu193.A","Glu3933.C",2
"Gly14.A","Ser3913.C",2
"Ala15.A","Asp3897.C",2
"Ala15.A","Ser3913.C",2
"Cys16.A","Glu3906.C",2
"Cys16.A","Lys3910.C",2
"Gly17.A","Glu3906.C",2
"Gly17.A","Glu3909.C",2
"Lys18.A","Glu3909.C",2
"Thr19.A","Thr3905.C",2
"Thr19.A","Glu3909.C",2
"Cys20.A","Thr3905.C",2
"Cys20.A","Glu3909.C",2
"Phe25.A","Lys3902.C",2
"Phe25.A","Asp3903.C",2
"Phe25.A","Thr3904.C",2
"Phe25.A","Thr3905.C",2
"Ser26.A","Thr3904.C",2
"Ser26.A","Thr3905.C",2
"Phe30.A","Lys3861.C",2
"Pro31.A","Lys3861.C",2
"Glu32.A","Thr3904.C",2
"Glu32.A","Ala3939.C",2
"Glu32.A","Gln3942.C",2
"Val35.A","Glu3909.C",2
"Pro36.A","Glu3909.C",2
"Asp59.A","Glu3909.C",2
"Gln63.A","Ser3913.C",2
"Glu64.A","Gln3890.C",2
"Ser85.A","Glu3906.C",2
"Asp87.A","Asp3897.C",2
"Asp87.A","Leu3900.C",2
"Asp87.A","Ala3901.C",2
"Asp87.A","Lys3902.C",2
"Asp87.A","Glu3906.C",2
"Ser88.A","Gln3893.C",2
"Ser88.A","Asp3897.C",2
"Asp90.A","Gln3893.C",2
"Ser91.A","Gln3893.C",2
"Glu93.A","Lys3886.C",2
"Glu93.A","Ala3889.C",2
"Asn94.A","Lys3886.C",2
"Asn94.A","Gln3890.C",2
"Lys118.A","Asp3897.C",2
"Lys118.A","Ala3901.C",2
"Lys118.A","Lys3902.C",2
"Lys118.A","Asp3903.C",2
"Lys118.A","Glu3906.C",2
"Asp120.A","Lys3902.C",2
"Leu121.A","Leu3900.C",2
"Leu121.A","Ala3901.C",2
"Leu121.A","Lys3902.C",2
"Asp124.A","Lys3902.C",2
"His126.A","Lys3866.C",2
"His126.A","Leu3899.C",2
"His126.A","Leu3900.C",2
"His126.A","Lys3902.C",2
"Thr127.A","Leu3900.C",2
"Glu130.A","Asn3896.C",2
"Glu130.A","Leu3899.C",2
"Glu130.A","Leu3900.C",2
"Leu131.A","Leu3900.C",2
"Met134.A","Val3892.C",2
"Met134.A","Gln3893.C",2
"Met134.A","Asn3896.C",2
"Lys162.A","Lys3902.C",2
"Lys162.A","Asp3903.C",2
"Lys7.A","Lys3861.C",2
"Asn41.A","Thr3905.C",2
"Asn41.A","Glu3909.C",2
"Trp58.A","Phe3908.C",2
"Arg68.A","Asn3928.C",2
"Tyr34.A","Glu3932.C",2
"Ser188.A","Glu3909.C",2
"Gly189.A","Glu3909.C",2
"Lys27.A","Arg3880.C",2
"Gln29.A","Gln3922.C",2
"Tyr34.A","Lys3929.C",2
"Glu40.A","Leu3918.C",2
"Leu193.A","Asp3897.C",2
"Leu193.A","Lys3910.C",2
"Ile46.A","Asp3926.C",2
"Val48.A","Val3925.C",2
"Pro111.A","Gln3878.C",2
"Ile113.A","Gln3878.C",2
"Lys118.A","Cys3867.C",2
"Pro138.A","Lys3866.C",2
"Val139.A","Lys3866.C",2
"Val139.A","Val3870.C",2
"Lys140.A","Val3870.C",2
"Lys140.A","Asn3896.C",2
"Pro141.A","Val3870.C",2
"Pro141.A","Leu3873.C",2
"Pro141.A","Cys3891.C",2
"Pro141.A","His3895.C",2
"Glu142.A","Leu3873.C",2
"Gly144.A","Ser3874.C",2
"Arg145.A","Leu3873.C",2
"Asn149.A","Gln3877.C",2
"Gly155.A","Gln3877.C",2
"Tyr156.A","Val3875.C",2
"Met157.A","Val3871.C",2
"Met157.A","Ser3874.C",2
"Met157.A","Val3875.C",2
"Glu158.A","Cys3867.C",2
"Glu158.A","Thr3868.C",2
"Glu158.A","Val3870.C",2
"Glu158.A","Val3871.C",2
"Cys159.A","Cys3867.C",2
"Ser160.A","Asp3864.C",2
"Ser160.A","Cys3867.C",2
"Asp165.A","Asp3864.C",2
"Asp165.A","Met3934.C",2
"Gly166.A","Met3934.C",2
"Val167.A","Met3934.C",2
"Arg168.A","Met3934.C",2
"Glu169.A","Val3871.C",2
"Met173.A","Val3875.C",2
"Met173.A","Gln3878.C",2
"Met173.A","Leu3879.C",2
"Arg176.A","Leu3879.C",2
"Arg176.A","Val3881.C",2
"Arg176.A","Gln3922.C",2
"Ala177.A","Gln3878.C",2
"Lys186.A","Arg3880.C",2
"Lys186.A","Val3881.C",2
"Lys186.A","Glu3882.C",2
"Ser188.A","Met3921.C",2
"Cys190.A","Gly3923.C",2
"Leu191.A","Gly3923.C",2
"Leu191.A","Leu3930.C",2
"Val192.A","Leu3918.C",2
"Lys6.A","Lys3861.C",2
"Asp67.A","Ile3927.C",2
"Pro75.A","Met3911.C",2
"Lys104.A","Leu3935.C",2
"His105.A","Asp3926.C",2
"Phe106.A","Asp3926.C",2
"Pro108.A","Met3934.C",2
"Ala181.A","Ser3860.C",2
"Arg183.A","Asn3937.C",2
"Gly184.A","Asp3864.C",2
"Leu191.A","Ser3863.C",2
"Leu191.A","Asp3864.C",2
"Val192.A","Cys3867.C",2
"Asp76.A","Ser3920.C",2
"Tyr34.A","Leu3915.C",2
"Leu57.A","Asn3928.C",2
"Lys6.A","Val3875.C",2
"Leu8.A","Val3870.C",2
"Leu8.A","Val3871.C",2
"Val9.A","Cys3867.C",2
"Val9.A","Thr3868.C",2
"Val9.A","Val3870.C",2
"Val11.A","Asp3864.C",2
"Val11.A","Cys3867.C",2
"Val11.A","Thr3868.C",2
"Glu64.A","Ser3863.C",2
"Asp67.A","Met3862.C",2
"Arg70.A","Ser3863.C",2
"Arg70.A","Asp3864.C",2
"Arg70.A","Lys3866.C",2
"Pro71.A","Met3862.C",2
"Pro71.A","Ser3863.C",2
"Pro71.A","Val3865.C",2
"Pro71.A","Lys3866.C",2
"Pro71.A","Ile3898.C",2
"Pro71.A","Leu3899.C",2
"Pro71.A","Ala3901.C",2
"Leu72.A","Lys3866.C",2
"Leu72.A","Leu3900.C",2
"Ser73.A","Val3865.C",2
"Ser73.A","Lys3866.C",2
"Ser73.A","Ser3869.C",2
"Tyr74.A","Ser3869.C",2
"Tyr74.A","Leu3894.C",2
"Tyr74.A","His3895.C",2
"Tyr74.A","Ile3898.C",2
"Tyr74.A","Leu3899.C",2
"Tyr74.A","Met3911.C",2
"Pro75.A","Ser3869.C",2
"Pro75.A","Leu3872.C",2
"Pro75.A","Leu3873.C",2
"Pro75.A","His3895.C",2
"Pro75.A","Leu3914.C",2
"Asp76.A","Ser3869.C",2
"Asp76.A","Val3870.C",2
"Asp76.A","Val3871.C",2
"Asp76.A","Leu3872.C",2
"Thr77.A","Val3871.C",2
"Thr77.A","Leu3872.C",2
"Thr77.A","Leu3873.C",2
"Thr77.A","Ser3874.C",2
"Thr77.A","Val3875.C",2
"Thr77.A","Leu3876.C",2
"Asp78.A","Val3871.C",2
"Asp78.A","Leu3872.C",2
"Val79.A","Val3871.C",2
"Ile80.A","Thr3868.C",2
"Ile80.A","Val3871.C",2
"Glu97.A","Ser3860.C",2
"Lys98.A","Ser3860.C",2
"Trp99.A","Lys3861.C",2
"Trp99.A","Ser3863.C",2
"Trp99.A","Asp3864.C",2
"Glu102.A","Met3862.C",2
"Glu102.A","Ser3863.C",2
"Glu102.A","Asp3864.C",2
"Glu102.A","Val3865.C",2
"Val103.A","Thr3868.C",2
"Phe106.A","Met3862.C",2
"Phe106.A","Leu3872.C",2
"Phe106.A","Ile3898.C",2
"Phe106.A","Ala3907.C",2
"Cys107.A","Thr3868.C",2
"Cys107.A","Leu3872.C",2
"Cys107.A","Met3911.C",2
"Cys107.A","Leu3915.C",2
"Pro108.A","Leu3872.C",2
"Asn109.A","Leu3915.C",2
"Asn109.A","Val3925.C",2
"Asn109.A","Ile3927.C",2
"Asn109.A","Leu3930.C",2
"Val110.A","Val3871.C",2
"Val110.A","Leu3872.C",2
"Val110.A","Leu3915.C",2
"Val110.A","Leu3930.C",2
"Pro111.A","Leu3930.C",2
"Gly152.A","Met3934.C",2
"Phe154.A","Asn3937.C",2
"Gly155.A","Arg3938.C",2
"Tyr156.A","Arg3938.C",2
"Met157.A","Arg3938.C",2
"Met173.A","Asn3937.C",2
"Met173.A","Arg3938.C",2
"Arg176.A","Glu3933.C",2
"Arg176.A","Asn3937.C",2
"Ala177.A","Leu3930.C",2
"Ala177.A","Glu3933.C",2
"Ala178.A","Val3875.C",2
"Leu179.A","Val3875.C",2
"Leu179.A","Glu3933.C",2
"Gln180.A","Asp3926.C",2
"Gln180.A","Leu3930.C",2
"Ala181.A","Val3875.C",2
"Ala181.A","Leu3918.C",2
"Ser188.A","Leu3873.C",2
"Ser188.A","Val3875.C",2
"Ser188.A","Leu3915.C",2
"Ser188.A","Leu3918.C",2
"Ser188.A","Leu3919.C",2
"Ser188.A","Val3925.C",2
"Gly189.A","Leu3872.C",2
"Gly189.A","Leu3873.C",2
"Gly189.A","Leu3876.C",2
"Gly189.A","Leu3914.C",2
"Gly189.A","Leu3915.C",2
"Gly189.A","Val3917.C",2
"Gly189.A","Leu3918.C",2
"Cys190.A","Leu3872.C",2
"Cys190.A","Ser3874.C",2
"Cys190.A","Leu3876.C",2
"Cys190.A","Leu3887.C",2
"Cys190.A","Cys3891.C",2
"Cys190.A","Leu3914.C",2
"Cys190.A","Val3917.C",2
"Leu191.A","Leu3873.C",2
"Leu191.A","Ser3874.C",2
"Leu191.A","Leu3876.C",2
"Leu191.A","Gln3877.C",2
"Leu191.A","Val3881.C",2
"Leu191.A","Glu3882.C",2
"Leu191.A","Trp3888.C",2
"Leu191.A","Cys3891.C",2
"Val192.A","Cys3891.C",2
"Val192.A","Leu3914.C",2
"Leu193.A","Val3892.C",2
"Leu193.A","His3895.C",2
"Phe25.A","Gln3942.C",2
"Glu32.A","Thr3868.C",2
"Asp87.A","Met3934.C",2
"Lys118.A","Glu3933.C",2
"Lys118.A","Met3934.C",2
"Arg68.A","His3895.C",2
"Arg70.A","Val3870.C",2
"Pro71.A","Val3870.C",2
"Pro75.A","Cys3867.C",2
"His105.A","Met3862.C",2
"His105.A","Lys3866.C",2
"Glu40.A","Ala3907.C",2
"Tyr42.A","Lys3866.C",2
"Asn41.A","Ser3920.C",2
"Asp76.A","Leu3894.C",2
"Thr77.A","Val3912.C",2
"Gly14.A","Ala3889.C",2
"Gly14.A","Gln3890.C",2
"Gly14.A","Val3892.C",2
"Gly14.A","Gln3893.C",2
"Ala15.A","Ser3885.C",2
"Ala15.A","Lys3886.C",2
"Ala15.A","Ala3889.C",2
"Ala15.A","Gln3890.C",2
"Ala15.A","Gln3893.C",2
"Cys16.A","Ala3889.C",2
"Gly17.A","Ala3889.C",2
"Thr19.A","Val3892.C",2
"Thr19.A","Asn3896.C",2
"Cys20.A","Glu3882.C",2
"Cys20.A","Trp3888.C",2
"Phe30.A","Gln3877.C",2
"Phe30.A","Glu3882.C",2
"Glu32.A","Glu3882.C",2
"Val33.A","Ser3874.C",2
"Val33.A","Gln3878.C",2
"Tyr34.A","Val3870.C",2
"Tyr34.A","Leu3873.C",2
"Tyr34.A","Ser3874.C",2
"Tyr34.A","Gln3877.C",2
"Tyr34.A","His3895.C",2
"Val35.A","Gln3877.C",2
"Val35.A","Glu3882.C",2
"Thr37.A","Leu3873.C",2
"Thr37.A","Val3892.C",2
"Thr37.A","His3895.C",2
"Asp59.A","Asn3896.C",2
"Ala61.A","Val3892.C",2
"Ala61.A","Asn3896.C",2
"Ala61.A","Leu3900.C",2
"Gly62.A","Gln3893.C",2
"Gly62.A","Asn3896.C",2
"Gly62.A","Asp3897.C",2
"Glu64.A","Gln3893.C",2
"Asp65.A","Gln3893.C",2
"Asp65.A","Asp3897.C",2
"Asp65.A","Lys3910.C",2
"Tyr66.A","Asn3896.C",2
"Tyr66.A","Asp3897.C",2
"Tyr66.A","Leu3900.C",2
"Tyr66.A","Glu3906.C",2
"Leu69.A","Lys3902.C",2
"Asp87.A","Lys3886.C",2
"Ser88.A","Lys3886.C",2
"Pro89.A","Lys3886.C",2
"Lys118.A","Ser3885.C",2
"Lys118.A","Lys3886.C",2
"Lys118.A","Ala3889.C",2
"Asp120.A","Ser3885.C",2
"Leu121.A","Ser3883.C",2
"Leu121.A","Ser3884.C",2
"Leu121.A","Ser3885.C",2
"Leu121.A","Lys3886.C",2
"Asp124.A","Ser3884.C",2
"His126.A","Ser3884.C",2
"Thr127.A","Ser3884.C",2
"Thr127.A","Lys3886.C",2
"Leu131.A","Lys3886.C",2
"Ala161.A","Glu3882.C",2
"Ala161.A","Ser3885.C",2
"Lys162.A","Glu3882.C",2
"Lys162.A","Ser3883.C",2
"Lys162.A","Ser3885.C",2
"Arg68.A","Leu3887.C",2
"Ala3.A","Glu3932.C",2
"Ile4.A","Asn3928.C",2
"Arg5.A","Leu3935.C",2
"Arg5.A","Asp3936.C",2
"Lys6.A","Asn3928.C",2
"Lys6.A","Leu3935.C",2
"Lys7.A","Cys3931.C",2
"Lys7.A","Met3934.C",2
"Ala56.A","Leu3935.C",2
"Arg70.A","Lys3861.C",2
"Pro71.A","Asp3864.C",2
"Asp76.A","Ile3927.C",2
"Asp76.A","Cys3931.C",2
"Thr77.A","Ile3927.C",2
"Asp78.A","Ile3927.C",2
"Asp78.A","Asn3928.C",2
"Asp78.A","Cys3931.C",2
"His105.A","Thr3868.C",2
"Phe106.A","Thr3868.C",2
"Asn109.A","Val3912.C",2
"Asn109.A","Ser3916.C",2
"Arg183.A","Ser3860.C",2
"Lys185.A","Asp3864.C",2
"Thr37.A","Ala3901.C",2
"Glu64.A","Arg3880.C",2
"His105.A","Leu3879.C",2
"Phe106.A","Gly3923.C",2
"Phe106.A","Ala3924.C",2
"Gln180.A","Glu3932.C",2
"Arg183.A","Leu3935.C",2
"Lys185.A","Asp3936.C",2
"Asp76.A","Gln3877.C",2
"Pro31.A","Leu3941.C",2
"Gln29.A","Asn3937.C",2
"Tyr34.A","Glu3933.C",2
"Ala61.A","Gln3878.C",2
"Trp58.A","Ser3863.C",2
"Leu69.A","His3895.C",2
"Val33.A","Leu3887.C",2
"Val38.A","Leu3900.C",2
"Leu69.A","Asp3864.C",2
"Cys190.A","Asn3937.C",2
"Lys6.A","Leu3879.C",2
"Pro75.A","Gln3942.C",2
"Asp76.A","Leu3876.C",2
"Asp78.A","Leu3879.C",2
"Pro108.A","Asn3937.C",2
"Asn109.A","Asn3937.C",2
"Arg68.A","Ser3874.C",2
"Ala61.A","Leu3915.C",2
"Glu64.A","Leu3930.C",2
"Lys7.A","Leu3900.C",2
"Asp76.A","Leu3900.C",2
"Val35.A","Val3871.C",2
"Glu64.A","Ser3883.C",2
"Tyr66.A","Leu3873.C",2
"Tyr66.A","Trp3888.C",2
"Tyr66.A","Val3892.C",2
"Arg68.A","Ser3884.C",2
"Met1.A","Glu3882.C",2
"Val33.A","Thr3905.C",2
"Leu69.A","Asn3928.C",2
"Phe154.A","Gln3922.C",2
"Pro36.A","Ser3860.C",2
"Pro36.A","Lys3861.C",2
"Thr37.A","Lys3861.C",2
"Tyr66.A","Thr3904.C",2
"Lys185.A","Asn3937.C",2
"Gly189.A","Met3934.C",2
"Pro75.A","Gly3923.C",2
"Glu64.A","Val3865.C",2
"Arg68.A","Ser3913.C",2
"Asn94.A","Ser3860.C",2
"Pro96.A","Asp3903.C",2
"Glu97.A","Met3862.C",2
"Glu97.A","Lys3902.C",2
"Glu97.A","Asp3903.C",2
"Lys98.A","Thr3904.C",2
"Lys98.A","Thr3905.C",2
"Trp99.A","Thr3904.C",2
"Thr100.A","Thr3905.C",2
"Pro101.A","Asp3903.C",2
"Pro101.A","Glu3909.C",2
"Glu102.A","Thr3905.C",2
"Glu102.A","Glu3909.C",2
"Trp58.A","His3895.C",2
"Asp65.A","Ala3939.C",2
"Tyr42.A","Ser3883.C",2
"Tyr34.A","Ser3863.C",2
"Pro71.A","Gln3877.C",2
"Trp58.A","Ser3883.C",2
"Thr37.A","Val3875.C",2
"Glu64.A","Asn3928.C",2
"Val35.A","Leu3899.C",2
"Phe39.A","Gln3877.C",2
"Tyr42.A","Val3892.C",2
"Tyr42.A","Asn3896.C",2
"Glu54.A","Ser3883.C",2
"Asp59.A","Gln3877.C",2
"Lys186.A","Arg3938.C",2
"Arg176.A","Ser3883.C",2
"Leu72.A","Thr3868.C",2
"Pro96.A","Arg3938.C",2
"Glu97.A","Arg3938.C",2
"Lys98.A","Arg3938.C",2
"Asp65.A","Asp3903.C",2
"Tyr66.A","Thr3905.C",2
"Asp78.A","Lys3861.C",2
"Lys27.A","Leu3872.C",1
"Lys27.A","Leu3873.C",1
"Glu32.A","Cys3867.C",1
"Val33.A","Cys3867.C",1
"Tyr66.A","Asn3937.C",1
"Glu93.A","Ser3874.C",1
"Glu93.A","Val3875.C",1
"Glu93.A","Gln3877.C",1
"Glu93.A","Gln3878.C",1
"Pro96.A","Ser3874.C",1
"Glu97.A","Ser3874.C",1
"Glu97.A","Val3875.C",1
"Thr100.A","Val3870.C",1
"Glu102.A","Cys3867.C",1
"Lys104.A","Ser3863.C",1
"Lys104.A","Lys3866.C",1
"Lys104.A","Leu3899.C",1
"Pro108.A","Lys3866.C",1
"Asn109.A","Lys3866.C",1
"Asn109.A","Lys3902.C",1
"Met147.A","Gln3877.C",1
"Arg150.A","Leu3873.C",1
"Arg150.A","Ser3874.C",1
"Arg150.A","Gln3877.C",1
"Arg150.A","Trp3888.C",1
"Arg150.A","Val3892.C",1
"Arg150.A","His3895.C",1
"Arg150.A","Asn3896.C",1
"Arg150.A","Leu3899.C",1
"Ile151.A","His3895.C",1
"Ile151.A","Asn3896.C",1
"Ile151.A","Leu3899.C",1
"Gly152.A","His3895.C",1
"Gly152.A","Asn3896.C",1
"Gly152.A","Leu3899.C",1
"Asp49.A","Asn3896.C",1
"Asp49.A","Leu3900.C",1
"Lys51.A","Leu3900.C",1
"Pro141.A","Gln3878.C",1
"Glu142.A","Gln3878.C",1
"Arg145.A","Val3870.C",1
"Arg145.A","Val3871.C",1
"Arg145.A","Val3875.C",1
"Ala148.A","Cys3867.C",1
"Ala148.A","Val3871.C",1
"Asn149.A","Cys3867.C",1
"Asn149.A","Thr3868.C",1
"Asn149.A","Val3871.C",1
"Gly152.A","Ser3863.C",1
"Gly152.A","Asp3864.C",1
"Ala153.A","Ser3863.C",1
"Ala153.A","Lys3866.C",1
"Phe154.A","Lys3866.C",1
"Phe154.A","Leu3899.C",1
"Gly155.A","Lys3866.C",1
"Gly155.A","Cys3867.C",1
"Gly155.A","Val3870.C",1
"Arg176.A","Asn3896.C",1
"Arg176.A","Leu3900.C",1
"Gln180.A","Lys3866.C",1
"Gln180.A","Leu3899.C",1
"Gln180.A","Leu3900.C",1
"Gln180.A","Ala3901.C",1
"Gln180.A","Lys3902.C",1
"Ala181.A","Lys3902.C",1
"Ala3.A","Leu3941.C",1
"Ile4.A","Leu3941.C",1
"Ile23.A","Leu3930.C",1
"Tyr42.A","Leu3930.C",1
"Val43.A","Arg3938.C",1
"Asp45.A","Asn3937.C",1
"Leu55.A","Asn3937.C",1
"Ala61.A","Leu3879.C",1
"Ile23.A","Leu3935.C",1
"Lys27.A","Glu3932.C",1
"Lys27.A","Leu3935.C",1
"Phe30.A","Arg3938.C",1
"Pro31.A","Leu3935.C",1
"Pro31.A","Arg3938.C",1
"Val33.A","Arg3938.C",1
"Glu54.A","Ser3860.C",1
"Glu54.A","Ser3863.C",1
"Glu54.A","Asp3864.C",1
"Ser73.A","His3895.C",1
"Pro75.A","Leu3899.C",1
"Asp76.A","Leu3899.C",1
"Val192.A","Leu3900.C",1
"Leu193.A","Met3862.C",1
"Asp49.A","Val3871.C",1
"Pro141.A","Leu3900.C",1
"Pro141.A","Lys3902.C",1
"Arg145.A","Gln3893.C",1
"Arg145.A","Asp3897.C",1
"Asp146.A","Gln3893.C",1
"Ala148.A","Asn3896.C",1
"Asn149.A","Ala3889.C",1
"Asn149.A","Val3892.C",1
"Asn149.A","Gln3893.C",1
"Ala153.A","Val3892.C",1
"Phe154.A","Val3892.C",1
"Phe154.A","His3895.C",1
"Phe154.A","Asn3896.C",1
"Gly155.A","Val3892.C",1
"Gly155.A","His3895.C",1
"Gly155.A","Asn3896.C",1
"Gly155.A","Leu3899.C",1
"Met157.A","Leu3899.C",1
"Met157.A","Leu3900.C",1
"Glu158.A","Leu3900.C",1
"Ala177.A","Val3870.C",1
"Gln180.A","Val3870.C",1
"Gln180.A","Leu3873.C",1
"Gln180.A","Gln3877.C",1
"Ala181.A","Gln3877.C",1
"Val38.A","Arg3880.C",1
"Phe39.A","Ser3883.C",1
"Leu69.A","Ala3924.C",1
"Thr37.A","Ala3939.C",1
"Thr37.A","Leu3941.C",1
"Asp65.A","Asp3936.C",1
"Arg68.A","Lys3866.C",1
"His105.A","Glu3906.C",1
"Asp13.A","Asn3896.C",1
"Asp13.A","Asp3897.C",1
"Asp13.A","Leu3900.C",1
"Gly14.A","Leu3900.C",1
"Ala15.A","Leu3900.C",1
"Ala15.A","Lys3902.C",1
"Cys16.A","Leu3900.C",1
"Glu64.A","Asp3897.C",1
"Glu64.A","Lys3910.C",1
"Ser85.A","Leu3900.C",1
"Ser88.A","Asn3896.C",1
"Ser88.A","Leu3899.C",1
"Pro89.A","Asn3896.C",1
"Asp90.A","Ser3869.C",1
"Asp90.A","Val3892.C",1
"Asp90.A","His3895.C",1
"Asp90.A","Asn3896.C",1
"Asp90.A","Asp3897.C",1
"Asp90.A","Leu3899.C",1
"Asp90.A","Leu3900.C",1
"Ser91.A","Asn3896.C",1
"Ser91.A","Leu3900.C",1
"Leu92.A","Asn3896.C",1
"Glu93.A","Leu3873.C",1
"Glu93.A","Val3892.C",1
"Glu93.A","His3895.C",1
"Glu93.A","Asn3896.C",1
"Asn94.A","Val3892.C",1
"Asn94.A","Asn3896.C",1
"Asn94.A","Asp3897.C",1
"Asn94.A","Leu3900.C",1
"Glu97.A","Ser3885.C",1
"Glu97.A","Trp3888.C",1
"Glu97.A","Ala3889.C",1
"Glu97.A","Gln3890.C",1
"Glu97.A","Val3892.C",1
"Glu97.A","Gln3893.C",1
"Lys98.A","Gln3893.C",1
"Lys133.A","Ser3863.C",1
"Lys133.A","Asp3864.C",1
"Lys133.A","Cys3867.C",1
"Lys133.A","Val3871.C",1
"Met134.A","Ser3863.C",1
"Met134.A","Lys3866.C",1
"Met134.A","Cys3867.C",1
"Met134.A","Thr3868.C",1
"Met134.A","Val3870.C",1
"Met134.A","Leu3899.C",1
"Lys135.A","Val3870.C",1
"Gln136.A","Val3870.C",1
"Gln136.A","His3895.C",1
"Gln136.A","Leu3899.C",1
"Pro89.A","Arg3938.C",1
"Gly62.A","Leu3935.C",1
"Thr100.A","Phe3908.C",1
"Thr100.A","Val3912.C",1
"Pro101.A","Thr3904.C",1
"His105.A","Val3871.C",1
"Cys107.A","Val3871.C",1
"Cys107.A","Val3875.C",1
"Lys119.A","Arg3938.C",1
"Pro141.A","Leu3935.C",1
"Glu142.A","Leu3935.C",1
"Arg145.A","Ile3927.C",1
"Arg145.A","Asn3928.C",1
"Arg145.A","Lys3929.C",1
"Arg145.A","Cys3931.C",1
"Arg145.A","Glu3932.C",1
"Asn149.A","Asn3928.C",1
"Arg150.A","Glu3909.C",1
"Arg150.A","Val3912.C",1
"Arg150.A","Ser3913.C",1
"Ile151.A","Val3912.C",1
"Gly152.A","Val3912.C",1
"Gly152.A","Ser3916.C",1
"Phe154.A","Ile3927.C",1
"Phe154.A","Cys3931.C",1
"Gly155.A","Cys3931.C",1
"Tyr156.A","Cys3931.C",1
"Met157.A","Met3934.C",1
"Met173.A","Leu3930.C",1
"Met173.A","Cys3931.C",1
"Met173.A","Met3934.C",1
"Ser188.A","Leu3879.C",1
"Gly189.A","Gln3878.C",1
"Cys190.A","Leu3919.C",1
"Cys16.A","Cys3931.C",1
"Cys20.A","Ile3927.C",1
"Cys20.A","Asn3928.C",1
"Phe30.A","Leu3919.C",1
"Phe30.A","Ile3927.C",1
"Phe30.A","Asn3928.C",1
"Pro31.A","Leu3919.C",1
"Pro31.A","Ile3927.C",1
"Glu32.A","Leu3918.C",1
"Glu32.A","Leu3919.C",1
"Glu32.A","Gln3922.C",1
"Glu32.A","Val3925.C",1
"Glu32.A","Asp3926.C",1
"Glu32.A","Ile3927.C",1
"Val33.A","Leu3915.C",1
"Val33.A","Leu3918.C",1
"Val33.A","Leu3919.C",1
"Val33.A","Val3925.C",1
"Val33.A","Ile3927.C",1
"Tyr34.A","Leu3930.C",1
"Val35.A","Leu3915.C",1
"Val35.A","Leu3918.C",1
"Pro36.A","Thr3868.C",1
"Tyr42.A","Val3912.C",1
"Leu69.A","Lys3861.C",1
"Ser85.A","Leu3935.C",1
"Asp87.A","Glu3932.C",1
"Lys118.A","Asn3928.C",1
"Lys118.A","Glu3932.C",1
"Asp120.A","Asn3928.C",1
"Leu121.A","Asn3928.C",1
"Leu121.A","Glu3932.C",1
"Thr127.A","Glu3932.C",1
"Gln136.A","Leu3935.C",1
"Lys162.A","Asp3926.C",1
"Lys162.A","Asn3928.C",1
"Gly14.A","Cys3867.C",1
"Ala15.A","Cys3867.C",1
"Tyr34.A","Asn3896.C",1
"Thr37.A","Ile3898.C",1
"Asp65.A","Met3911.C",1
"Tyr66.A","Leu3914.C",1
"Asn41.A","Val3875.C",1
"Tyr42.A","Val3875.C",1
"Asp59.A","Arg3938.C",1
"Thr60.A","Arg3938.C",1
"Leu72.A","Asn3937.C",1
"Tyr34.A","Glu3882.C",1
"Tyr34.A","Ser3885.C",1
"Pro36.A","Ser3885.C",1
"Pro36.A","Lys3886.C",1
"Pro36.A","Trp3888.C",1
"Pro36.A","Ala3889.C",1
"Thr37.A","Ala3889.C",1
"Val38.A","Ala3889.C",1
"Val38.A","Gln3890.C",1
"Val38.A","Gln3893.C",1
"Gln63.A","Ser3885.C",1
"Gln63.A","Lys3886.C",1
"Asp65.A","Gln3890.C",1
"Ala2.A","Leu3900.C",1
"Ala3.A","Leu3900.C",1
"Arg5.A","Asn3896.C",1
"Ser26.A","Ser3863.C",1
"Lys27.A","Ser3863.C",1
"Tyr42.A","Cys3867.C",1
"Val43.A","Lys3866.C",1
"Val43.A","Cys3867.C",1
"Val43.A","Val3870.C",1
"Val43.A","Leu3899.C",1
"Glu54.A","Lys3866.C",1
"Glu54.A","Leu3899.C",1
"Ala56.A","Val3870.C",1
"Asn41.A","Gln3922.C",1
"Ala61.A","Glu3932.C",1
"Gln63.A","Glu3932.C",1
"Val43.A","Leu3900.C",1
"Trp58.A","Asp3897.C",1
"Val33.A","Ser3863.C",1
"Ala61.A","Arg3938.C",1
"Ile4.A","Arg3880.C",1
"Lys6.A","Arg3880.C",1
"Ile46.A","Gln3877.C",1
"Ile46.A","Gln3878.C",1
"Ile46.A","Ile3927.C",1
"Glu47.A","Gln3878.C",1
"Glu47.A","Leu3879.C",1
"Glu47.A","Ile3927.C",1
"Val48.A","Gln3878.C",1
"Val48.A","Leu3879.C",1
"Val48.A","Val3881.C",1
"Asp49.A","Ser3920.C",1
"Asp49.A","Met3921.C",1
"Val53.A","Gln3877.C",1
"Val53.A","Arg3880.C",1
"Leu55.A","Gln3877.C",1
"Pro141.A","Lys3866.C",1
"Glu142.A","Leu3900.C",1
"Thr163.A","Leu3941.C",1
"Lys164.A","Glu3933.C",1
"Lys164.A","Arg3938.C",1
"Asp165.A","Leu3941.C",1
"Arg168.A","Ser3874.C",1
"Arg168.A","Gln3877.C",1
"Arg168.A","Gln3878.C",1
"Arg168.A","Ile3927.C",1
"Glu172.A","Leu3873.C",1
"Glu172.A","Ser3874.C",1
"Glu172.A","Gln3878.C",1
"Thr175.A","Gln3877.C",1
"Thr175.A","Trp3888.C",1
"Arg176.A","Leu3873.C",1
"Arg176.A","Leu3876.C",1
"Arg176.A","Cys3891.C",1
"Arg176.A","Val3892.C",1
"Arg176.A","His3895.C",1
"Leu179.A","Ser3885.C",1
"Leu179.A","Trp3888.C",1
"Leu179.A","Ala3889.C",1
"Gln180.A","Val3892.C",1
"Arg182.A","Arg3880.C",1
"Lys187.A","Val3892.C",1
"Ser188.A","Val3892.C",1
"Gly189.A","Val3892.C",1
"Gly189.A","Asn3896.C",1
"Cys190.A","Val3892.C",1
"Cys190.A","His3895.C",1
"Cys190.A","Asn3896.C",1
"Cys190.A","Leu3899.C",1
"Leu191.A","Ser3869.C",1
"Leu191.A","His3895.C",1
"Leu191.A","Leu3899.C",1
"Val192.A","Ser3869.C",1
"Val192.A","Val3870.C",1
"Leu193.A","Ser3869.C",1
"Leu193.A","Arg3938.C",1
"Asp13.A","Leu3935.C",1
"Lys18.A","Ile3927.C",1
"Lys18.A","Asn3928.C",1
"Thr19.A","Asn3928.C",1
"Glu40.A","Gln3922.C",1
"Leu72.A","Lys3910.C",1
"Lys6.A","Asn3937.C",1
"Val48.A","Ser3863.C",1
"Asp49.A","Ser3860.C",1
"Asp49.A","Met3862.C",1
"Asp49.A","Ser3863.C",1
"Asp49.A","Lys3866.C",1
"Asp49.A","Leu3899.C",1
"Gly50.A","Ser3860.C",1
"Gly50.A","Ser3863.C",1
"Lys51.A","Ser3860.C",1
"Lys51.A","Ser3863.C",1
"Lys51.A","Asp3864.C",1
"Lys51.A","Cys3867.C",1
"Asp76.A","Leu3935.C",1
"Lys104.A","Glu3932.C",1
"Ile112.A","Gln3878.C",1
"Leu114.A","Gln3878.C",1
"Pro141.A","Glu3882.C",1
"Glu142.A","Arg3880.C",1
"Glu142.A","Glu3882.C",1
"Arg145.A","Arg3880.C",1
"Arg145.A","Glu3882.C",1
"Arg145.A","Ser3883.C",1
"Asp146.A","Arg3880.C",1
"Ala148.A","Gln3878.C",1
"Asn149.A","Leu3879.C",1
"Asn149.A","Val3925.C",1
"Ile151.A","Val3925.C",1
"Gly152.A","Gln3878.C",1
"Gly152.A","Val3925.C",1
"Ala153.A","Gln3878.C",1
"Phe154.A","Val3871.C",1
"Phe154.A","Val3875.C",1
"Gly155.A","Val3871.C",1
"Gly155.A","Val3875.C",1
"Tyr156.A","Gln3877.C",1
"Tyr156.A","Gln3878.C",1
"Glu172.A","Val3870.C",1
"Arg176.A","Lys3866.C",1
"Arg176.A","Thr3868.C",1
"Arg176.A","Val3871.C",1
"Ala177.A","Val3871.C",1
"Ala181.A","Asn3937.C",1
"Ala181.A","Ala3939.C",1
"Ala181.A","Leu3941.C",1
"Arg182.A","Met3934.C",1
"Arg182.A","Leu3935.C",1
"Arg182.A","Asp3936.C",1
"Arg182.A","Asn3937.C",1
"Arg183.A","Leu3930.C",1
"Arg183.A","Gln3942.C",1
"Gly184.A","Gln3942.C",1
"Lys185.A","Leu3930.C",1
"Lys185.A","Cys3931.C",1
"Lys185.A","Glu3932.C",1
"Cys190.A","Asp3936.C",1
"Leu191.A","Asp3936.C",1
"Phe39.A","Glu3909.C",1
"Glu40.A","Glu3909.C",1
"Asp67.A","Leu3919.C",1
"Pro75.A","Lys3861.C",1
"Asp76.A","Lys3861.C",1
"Thr77.A","Lys3861.C",1
"Lys7.A","Asn3928.C",1
"Pro36.A","Asn3928.C",1
"Pro36.A","Cys3931.C",1
"Thr37.A","Asn3928.C",1
"Pro75.A","Glu3906.C",1
"Arg5.A","Gln3890.C",1
"Lys18.A","Leu3919.C",1
"Lys18.A","Ser3920.C",1
"Thr19.A","Leu3919.C",1
"Cys20.A","Ser3920.C",1
"Cys20.A","Gln3922.C",1
"Leu21.A","Ser3920.C",1
"Ile23.A","Ser3920.C",1
"Ile23.A","Gln3922.C",1
"Lys27.A","Leu3879.C",1
"Phe30.A","Gln3922.C",1
"Pro31.A","Gln3922.C",1
"Pro31.A","Gly3923.C",1
"Pro36.A","Leu3879.C",1
"Pro36.A","Leu3918.C",1
"Pro36.A","Asp3926.C",1
"Glu40.A","Met3921.C",1
"Asn41.A","Leu3887.C",1
"Tyr42.A","Lys3886.C",1
"Val43.A","Lys3886.C",1
"Val43.A","Leu3887.C",1
"Ala56.A","Gln3890.C",1
"Trp58.A","Gln3890.C",1
"Trp58.A","Leu3894.C",1
"Ser73.A","Ser3913.C",1
"Ala161.A","Gln3922.C",1
"Ile4.A","Thr3905.C",1
"Arg5.A","Phe3908.C",1
"Lys6.A","Phe3908.C",1
"Asp76.A","Ala3907.C",1
"Asp76.A","Met3911.C",1
"Asp76.A","Gln3942.C",1
"Thr77.A","Gln3942.C",1
"Asp78.A","Phe3908.C",1
"Asp78.A","Gln3942.C",1
"Pro96.A","Glu3933.C",1
"Glu97.A","Glu3933.C",1
"Thr100.A","Glu3933.C",1
"Pro101.A","Leu3930.C",1
"Pro101.A","Cys3931.C",1
"Glu102.A","Leu3930.C",1
"Lys104.A","Glu3933.C",1
"Lys104.A","Met3934.C",1
"Pro108.A","Leu3941.C",1
"Asn109.A","Ala3939.C",1
"Asn109.A","Thr3940.C",1
"Asn109.A","Leu3941.C",1
"Val110.A","Ala3939.C",1
"Val110.A","Thr3940.C",1
"Val110.A","Leu3941.C",1
"Val110.A","Gln3942.C",1
"Pro111.A","Arg3938.C",1
"Pro111.A","Ala3939.C",1
"Pro111.A","Thr3940.C",1
"Pro111.A","Leu3941.C",1
"Pro111.A","Gln3942.C",1
"Ile112.A","Ala3939.C",1
"Asn149.A","Asp3936.C",1
"Arg150.A","Glu3933.C",1
"Ile151.A","Leu3935.C",1
"Gly152.A","Asp3936.C",1
"Gly152.A","Arg3938.C",1
"Gly152.A","Ala3939.C",1
"Ala153.A","Arg3938.C",1
"Phe154.A","Arg3938.C",1
"Phe154.A","Ala3939.C",1
"Ala178.A","Lys3861.C",1
"Ala178.A","Gln3942.C",1
"Leu179.A","Lys3861.C",1
"Gln180.A","Lys3861.C",1
"Gln180.A","Arg3938.C",1
"Gln180.A","Ala3939.C",1
"Gln180.A","Thr3940.C",1
"Gln180.A","Gln3942.C",1
"Ala181.A","Lys3861.C",1
"Ala181.A","Thr3940.C",1
"Arg182.A","Ser3860.C",1
"Arg182.A","Lys3861.C",1
"Arg182.A","Met3862.C",1
"Arg182.A","Asp3864.C",1
"Arg182.A","Val3865.C",1
"Arg182.A","Ala3907.C",1
"Arg182.A","Phe3908.C",1
"Arg182.A","Thr3940.C",1
"Arg182.A","Leu3941.C",1
"Arg183.A","Ala3939.C",1
"Arg183.A","Thr3940.C",1
"Arg183.A","Leu3941.C",1
"Lys187.A","Cys3867.C",1
"Cys190.A","Ser3863.C",1
"Leu191.A","Thr3868.C",1
"Leu193.A","Leu3941.C",1
"Phe39.A","Asp3926.C",1
"Phe39.A","Lys3929.C",1
"Asn41.A","Val3925.C",1
"Trp58.A","Gly3923.C",1
"Trp58.A","Val3925.C",1
"Asp59.A","Cys3931.C",1
"Thr60.A","Asn3928.C",1
"Leu191.A","Ser3920.C",1
"Pro36.A","Leu3915.C",1
"Tyr42.A","Ile3927.C",1
"Arg5.A","Val3875.C",1
"Arg70.A","Val3865.C",1
"Asn109.A","Leu3918.C",1
"Ser188.A","Leu3872.C",1
"Ser188.A","Val3917.C",1
"Asp13.A","Arg3938.C",1
"Gly14.A","Arg3938.C",1
"Gly14.A","Ala3939.C",1
"Gly14.A","Leu3941.C",1
"Gly14.A","Gln3942.C",1
"Ala15.A","Asn3937.C",1
"Ala15.A","Arg3938.C",1
"Ala15.A","Ala3939.C",1
"Ala15.A","Leu3941.C",1
"Ala15.A","Gln3942.C",1
"Gly17.A","Gln3942.C",1
"Cys20.A","Gln3942.C",1
"Val24.A","Asp3926.C",1
"Val24.A","Leu3930.C",1
"Phe25.A","Asp3926.C",1
"Phe25.A","Met3934.C",1
"Ser26.A","Leu3918.C",1
"Ser26.A","Leu3919.C",1
"Ser26.A","Asp3926.C",1
"Lys27.A","Leu3918.C",1
"Lys27.A","Leu3919.C",1
"Lys27.A","Ser3920.C",1
"Lys27.A","Gln3922.C",1
"Lys27.A","Ile3927.C",1
"Asp28.A","Met3921.C",1
"Asp28.A","Gln3922.C",1
"Asp28.A","Gly3923.C",1
"Asp28.A","Ala3924.C",1
"Asp28.A","Val3925.C",1
"Asp28.A","Asp3926.C",1
"Asp28.A","Ile3927.C",1
"Gln29.A","Leu3879.C",1
"Gln29.A","Val3881.C",1
"Gln29.A","Val3917.C",1
"Gln29.A","Leu3918.C",1
"Gln29.A","Met3921.C",1
"Gln29.A","Gly3923.C",1
"Gln29.A","Ala3924.C",1
"Gln29.A","Val3925.C",1
"Gln29.A","Asp3926.C",1
"Phe30.A","Val3875.C",1
"Phe30.A","Gln3878.C",1
"Phe30.A","Leu3879.C",1
"Phe30.A","Leu3918.C",1
"Phe30.A","Ala3924.C",1
"Phe30.A","Val3925.C",1
"Phe30.A","Lys3929.C",1
"Pro31.A","Leu3872.C",1
"Pro31.A","Val3875.C",1
"Pro31.A","Leu3915.C",1
"Pro31.A","Leu3918.C",1
"Pro31.A","Asp3926.C",1
"Pro31.A","Lys3929.C",1
"Glu32.A","Val3871.C",1
"Glu32.A","Leu3872.C",1
"Glu32.A","Val3875.C",1
"Glu32.A","Leu3915.C",1
"Glu32.A","Lys3929.C",1
"Val33.A","Lys3929.C",1
"Val33.A","Met3934.C",1
"Val35.A","Leu3941.C",1
"Val35.A","Gln3942.C",1
"Pro36.A","Thr3940.C",1
"Thr37.A","Gln3942.C",1
"Val38.A","Glu3909.C",1
"Tyr42.A","Leu3919.C",1
"Gln63.A","Ala3939.C",1
"Gln63.A","Thr3940.C",1
"Gln63.A","Leu3941.C",1
"Asp87.A","Asp3936.C",1
"Asp87.A","Asn3937.C",1
"Ser88.A","Arg3938.C",1
"Ser91.A","Arg3938.C",1
"Lys118.A","Asp3936.C",1
"Asp120.A","Glu3933.C",1
"Leu121.A","Glu3933.C",1
"Leu121.A","Met3934.C",1
"Leu121.A","Leu3935.C",1
"His126.A","Leu3935.C",1
"His126.A","Asp3936.C",1
"Thr127.A","Asp3936.C",1
"Leu131.A","Asp3936.C",1
"Ser160.A","Glu3933.C",1
"Ala161.A","Leu3930.C",1
"Ala161.A","Glu3933.C",1
"Lys162.A","Lys3929.C",1
"Lys162.A","Leu3930.C",1
"Lys162.A","Cys3931.C",1
"Lys162.A","Glu3932.C",1
"Lys162.A","Glu3933.C",1
"Lys162.A","Met3934.C",1
"Thr163.A","Leu3930.C",1
"Thr163.A","Cys3931.C",1
"Pro71.A","Cys3867.C",1
"Phe106.A","Lys3866.C",1
"Phe106.A","Cys3867.C",1
"Phe106.A","Leu3899.C",1
"Arg5.A","Val3912.C",1
"Arg70.A","Leu3919.C",1
"Phe39.A","Gln3922.C",1
"Glu64.A","Lys3886.C",1
"Glu64.A","Leu3887.C",1
"Asp65.A","Leu3887.C",1
"Asp67.A","Leu3887.C",1
"Arg68.A","Val3881.C",1
"Arg68.A","Cys3891.C",1
"Leu69.A","Met3921.C",1
"Asn149.A","Val3870.C",1
"Asn149.A","Leu3899.C",1
"Arg150.A","Val3870.C",1
"Gly152.A","Val3870.C",1
"Phe154.A","Asp3864.C",1
"Gln180.A","Ser3863.C",1
"Asp67.A","Gln3878.C",1
"Asp67.A","Arg3880.C",1
"Pro71.A","Gly3923.C",1
"Pro71.A","Val3925.C",1
"Tyr74.A","Val3925.C",1
"Tyr74.A","Asn3928.C",1
"Pro75.A","Val3925.C",1
"Asp76.A","Asn3928.C",1
"Thr77.A","Asn3928.C",1
"Lys98.A","Arg3880.C",1
"Pro101.A","Gln3878.C",1
"Glu102.A","Gln3878.C",1
"His105.A","Val3875.C",1
"Phe106.A","Val3925.C",1
"Phe106.A","Asn3928.C",1
"Cys107.A","Asn3928.C",1
"Pro108.A","Asn3928.C",1
"Pro108.A","Lys3929.C",1
"Val110.A","Asn3928.C",1
"Val110.A","Cys3931.C",1
"Val110.A","Glu3932.C",1
"Pro111.A","Glu3932.C",1
"Ala181.A","Glu3932.C",1
"Arg182.A","Leu3930.C",1
"Arg182.A","Cys3931.C",1
"Arg182.A","Glu3932.C",1
"Arg182.A","Glu3933.C",1
"Gly184.A","Leu3935.C",1
"Gly184.A","Asp3936.C",1
"Lys185.A","Met3934.C",1
"Lys185.A","Leu3935.C",1
"Lys185.A","Gln3942.C",1
"Lys186.A","Asp3936.C",1
"Leu193.A","Lys3929.C",1
"Asp76.A","His3895.C",1
"Met1.A","Gln3942.C",1
"Val33.A","Ala3924.C",1
"Trp58.A","Leu3872.C",1
"Leu22.A","Glu3932.C",1
"Pro31.A","Gln3942.C",1
"Val38.A","Ala3939.C",1
"Phe39.A","Met3911.C",1
"Asp45.A","Val3925.C",1
"Glu54.A","Ala3924.C",1
"Ala56.A","Leu3919.C",1
"Pro75.A","Leu3887.C",1
"Leu193.A","Leu3894.C",1
"Asn41.A","Glu3882.C",1
"Ser26.A","Gln3942.C",1
"Lys27.A","Ala3939.C",1
"Asp28.A","Gln3942.C",1
"Gln29.A","Ala3939.C",1
"Phe30.A","Asn3937.C",1
"Pro31.A","Asn3937.C",1
"Glu32.A","Asn3937.C",1
"Val33.A","Glu3933.C",1
"Val33.A","Asp3936.C",1
"Tyr42.A","Gln3942.C",1
"Val43.A","Gln3942.C",1
"Ala44.A","Gln3942.C",1
"Asp45.A","Gln3942.C",1
"Ile46.A","Gln3942.C",1
"Gln63.A","Arg3880.C",1
"Lys7.A","Leu3930.C",1
"Glu32.A","Trp3888.C",1
"Tyr66.A","His3895.C",1
"Gly62.A","Cys3867.C",1
"Gly62.A","Ile3927.C",1
"Arg68.A","Ser3885.C",1
"Pro75.A","Leu3900.C",1
"Val35.A","Cys3867.C",1
"Val35.A","Val3870.C",1
"Pro36.A","Val3870.C",1
"Pro36.A","Ser3874.C",1
"Thr37.A","Val3870.C",1
"Val38.A","Leu3873.C",1
"Val38.A","Gln3877.C",1
"Ala61.A","Gln3877.C",1
"Gln63.A","Gln3877.C",1
"Asp65.A","Leu3876.C",1
"Asp65.A","Val3881.C",1
"Asp65.A","Ser3883.C",1
"Asp65.A","Trp3888.C",1
"Met1.A","Trp3888.C",1
"Met1.A","Val3892.C",1
"Ala2.A","Leu3873.C",1
"Ala2.A","Trp3888.C",1
"Ala2.A","Val3892.C",1
"Ala2.A","His3895.C",1
"Ala2.A","Asn3896.C",1
"Ala3.A","His3895.C",1
"Ala3.A","Asn3896.C",1
"Ala3.A","Leu3899.C",1
"Ile4.A","Val3870.C",1
"Ile4.A","His3895.C",1
"Ile4.A","Leu3899.C",1
"Lys6.A","Ser3863.C",1
"Lys6.A","Lys3866.C",1
"Lys6.A","Cys3867.C",1
"Lys6.A","Thr3868.C",1
"Lys6.A","Val3870.C",1
"Lys6.A","Leu3899.C",1
"Lys51.A","Val3870.C",1
"Lys51.A","Val3871.C",1
"Lys51.A","Ser3874.C",1
"Asp76.A","Met3862.C",1
"Asp76.A","Ala3901.C",1
"Asp76.A","Lys3902.C",1
"Thr77.A","Ser3863.C",1
"Asp78.A","Met3862.C",1
"Asp78.A","Ser3863.C",1
"Asp78.A","Lys3866.C",1
"Asp78.A","Cys3867.C",1
"Val79.A","Ser3863.C",1
"Asn109.A","Lys3861.C",1
"Asn109.A","Asp3864.C",1
"Val110.A","Ser3863.C",1
"Pro111.A","Ser3863.C",1
"Ala178.A","Lys3866.C",1
"Ala178.A","Cys3867.C",1
"Leu179.A","Val3870.C",1
"Leu179.A","Val3871.C",1
"Gln180.A","Cys3867.C",1
"Ala181.A","Asp3864.C",1
"Ala181.A","Cys3867.C",1
"Ala181.A","Thr3868.C",1
"Asp65.A","Ser3860.C",1
"Tyr66.A","Ser3860.C",1
"Tyr66.A","Met3862.C",1
"Lys18.A","Lys3866.C",1
"Arg145.A","Ser3920.C",1
"Arg145.A","Met3921.C",1
"Arg145.A","Gln3922.C",1
"Arg145.A","Ala3924.C",1
"Asn149.A","Gln3922.C",1
"Gly155.A","Gln3922.C",1
"Tyr156.A","Gln3922.C",1
"Tyr156.A","Gly3923.C",1
"Met157.A","Gly3923.C",1
"Glu169.A","Asp3926.C",1
"Glu172.A","Asp3926.C",1
"Glu172.A","Lys3929.C",1
"Met173.A","Gln3922.C",1
"Met173.A","Gly3923.C",1
"Arg5.A","Leu3873.C",1
"Arg5.A","Gln3877.C",1
"Leu69.A","Thr3904.C",1
"Asp78.A","Gln3878.C",1
"Lys187.A","Glu3933.C",1
"Ser188.A","Met3934.C",1
"Cys190.A","Arg3880.C",1
"Leu191.A","Cys3931.C",1
"Glu64.A","Ser3884.C",1
"Glu64.A","Ser3885.C",1
"Asp65.A","Ser3884.C",1
"Tyr66.A","Ser3884.C",1
"Asp67.A","Ser3883.C",1
"Asp67.A","Ser3884.C",1
"Asp67.A","Met3921.C",1
"Pro71.A","Met3921.C",1
"Pro71.A","Gln3922.C",1
"Glu97.A","Arg3880.C",1
"Lys98.A","Ser3883.C",1
"Pro101.A","Arg3880.C",1
"Glu102.A","Arg3880.C",1
"His105.A","Gly3923.C",1
"His105.A","Ala3924.C",1
"Phe106.A","Met3921.C",1
"Cys107.A","Gly3923.C",1
"Asp13.A","Lys3861.C",1
"Glu64.A","Ile3898.C",1
"Glu64.A","Val3912.C",1
"Asp67.A","Ala3907.C",1
"Asp90.A","Ser3860.C",1
"Asn94.A","Met3862.C",1
"Glu97.A","Glu3906.C",1
"Asp28.A","Asp3936.C",1
"Glu54.A","Lys3902.C",1
"Asp76.A","Asn3896.C",1
"Ile23.A","Arg3880.C",1
"Lys27.A","Gln3878.C",1
"Gln29.A","Arg3880.C",1
"Pro31.A","Arg3880.C",1
"Val33.A","Leu3879.C",1
"Val35.A","Ser3883.C",1
"Val35.A","Ser3884.C",1
"Pro36.A","Ser3883.C",1
"Pro36.A","Ser3884.C",1
"Thr37.A","Ser3883.C",1
"Val38.A","Ser3884.C",1
"Val38.A","Ser3885.C",1
"Glu40.A","Ser3883.C",1
"Tyr66.A","Lys3886.C",1
"Val35.A","Asp3864.C",1
"Thr37.A","Thr3868.C",1
"Asp65.A","Leu3918.C",1
"Arg68.A","Val3875.C",1
"Tyr34.A","Ser3860.C",1
"Glu40.A","Leu3900.C",1
"Glu40.A","Lys3902.C",1
"Tyr42.A","Leu3900.C",1
"Trp58.A","Val3892.C",1
"Pro75.A","Glu3882.C",1
"Pro75.A","Trp3888.C",1
"Asp76.A","Trp3888.C",1
"Val192.A","Glu3882.C",1
"Leu193.A","Val3881.C",1
"Leu193.A","Glu3882.C",1
"Leu193.A","Ser3883.C",1
"Leu193.A","Ser3885.C",1
"Asn41.A","Ser3883.C",1
"Leu57.A","Ser3883.C",1
"Gly12.A","Glu3932.C",1
"Asp13.A","Lys3929.C",1
"Asp13.A","Glu3932.C",1
"Gly14.A","Lys3929.C",1
"Gly14.A","Glu3932.C",1
"Gly14.A","Glu3933.C",1
"Ala15.A","Glu3933.C",1
"Cys16.A","Glu3932.C",1
"Cys16.A","Glu3933.C",1
"Cys16.A","Met3934.C",1
"Cys16.A","Leu3935.C",1
"Gly17.A","Leu3935.C",1
"Cys20.A","Leu3935.C",1
"Phe25.A","Leu3935.C",1
"Phe25.A","Asp3936.C",1
"Phe25.A","Asn3937.C",1
"Phe25.A","Leu3941.C",1
"Asp28.A","Asp3864.C",1
"Gln29.A","Ser3860.C",1
"Gln29.A","Asp3864.C",1
"Phe30.A","Asp3864.C",1
"Phe30.A","Thr3940.C",1
"Phe30.A","Leu3941.C",1
"Pro31.A","Asp3864.C",1
"Glu32.A","Asp3864.C",1
"Glu32.A","Ala3907.C",1
"Val33.A","Thr3868.C",1
"Val33.A","Met3911.C",1
"Val35.A","Lys3929.C",1
"Pro36.A","Val3875.C",1
"Pro36.A","Lys3929.C",1
"Phe39.A","Gln3878.C",1
"Gln63.A","Ala3924.C",1
"Glu64.A","Val3925.C",1
"Asp65.A","Leu3879.C",1
"Asp65.A","Gly3923.C",1
"Asp65.A","Ala3924.C",1
"Asp65.A","Val3925.C",1
"Asp65.A","Asp3926.C",1
"Tyr66.A","Asp3926.C",1
"Tyr66.A","Lys3929.C",1
"Cys83.A","Glu3932.C",1
"Phe84.A","Glu3932.C",1
"Ser88.A","Cys3931.C",1
"Asp90.A","Cys3931.C",1
"Ser91.A","Cys3931.C",1
"Ser91.A","Glu3932.C",1
"Asn94.A","Asn3928.C",1
"Asn94.A","Cys3931.C",1
"Asn94.A","Glu3932.C",1
"Lys98.A","Asn3928.C",1
"Trp99.A","Glu3932.C",1
"Leu121.A","Asp3936.C",1
"Ala161.A","Leu3935.C",1
"Lys162.A","Leu3935.C",1
"Lys162.A","Asp3936.C",1
"Lys162.A","Asn3937.C",1
"Ser188.A","Arg3938.C",1
"Asp67.A","Gln3942.C",1
"Glu130.A","Glu3932.C",1
"Ser188.A","Leu3876.C",1
"Gly189.A","Leu3919.C",1
"Leu193.A","Cys3891.C",1
"Lys51.A","Arg3880.C",1
"Lys104.A","Gln3922.C",1
"Asn109.A","Gln3922.C",1
"Asn109.A","Gly3923.C",1
"Asn109.A","Asp3926.C",1
"Val110.A","Gln3922.C",1
"Val110.A","Gly3923.C",1
"Pro111.A","Gln3922.C",1
"Pro111.A","Gly3923.C",1
"Ile112.A","Gln3922.C",1
"Pro141.A","Lys3886.C",1
"Arg145.A","Lys3886.C",1
"Arg145.A","Ala3889.C",1
"Ala148.A","Ser3920.C",1
"Asn149.A","Leu3887.C",1
"Asn149.A","Val3917.C",1
"Asn149.A","Ser3920.C",1
"Ile151.A","Ser3920.C",1
"Ile151.A","Gln3922.C",1
"Gly152.A","Ser3920.C",1
"Gly152.A","Met3921.C",1
"Gly152.A","Gln3922.C",1
"Ala153.A","Leu3887.C",1
"Ala153.A","Ser3920.C",1
"Ala153.A","Met3921.C",1
"Ala153.A","Gln3922.C",1
"Phe154.A","Leu3879.C",1
"Phe154.A","Arg3880.C",1
"Phe154.A","Val3881.C",1
"Phe154.A","Leu3887.C",1
"Phe154.A","Ser3920.C",1
"Phe154.A","Met3921.C",1
"Gly155.A","Ser3884.C",1
"Gly155.A","Leu3887.C",1
"Tyr156.A","Ser3884.C",1
"Tyr156.A","Ser3885.C",1
"Tyr156.A","Lys3886.C",1
"Tyr156.A","Leu3887.C",1
"Met157.A","Ser3883.C",1
"Met157.A","Ser3884.C",1
"Met157.A","Ser3885.C",1
"Glu169.A","Ser3883.C",1
"Glu172.A","Ser3883.C",1
"Met173.A","Val3881.C",1
"Met173.A","Ser3883.C",1
"Met173.A","Ser3884.C",1
"Met173.A","Ser3885.C",1
"Arg176.A","Arg3880.C",1
"Gln180.A","Leu3879.C",1
"Gln180.A","Arg3880.C",1
"Gln180.A","Met3921.C",1
"Gln180.A","Gly3923.C",1
"Gln180.A","Ala3924.C",1
"Ala181.A","Gly3923.C",1
"Ala181.A","Ala3924.C",1
"Lys7.A","Gln3877.C",1
"Val43.A","Glu3882.C",1
"Asp65.A","Cys3867.C",1
"Ala15.A","Ile3927.C",1
"Asp65.A","Ser3869.C",1
"Leu72.A","Lys3861.C",1
"Tyr74.A","Lys3861.C",1
"Tyr74.A","Glu3909.C",1
"Val38.A","Ser3860.C",1
"Phe39.A","Ser3860.C",1
"Ala61.A","Ser3860.C",1
"Ala61.A","Lys3861.C",1
"Gly62.A","Lys3861.C",1
"Ser73.A","Asp3864.C",1
"Ser73.A","Thr3868.C",1
"Trp99.A","Arg3938.C",1
"Glu64.A","Asp3903.C",1
"Asp67.A","Thr3905.C",1
"Leu69.A","Thr3905.C",1
"Arg5.A","Met3862.C",1
"Arg5.A","Thr3904.C",1
"Lys6.A","Ser3860.C",1
"Lys7.A","Ser3860.C",1
"Lys7.A","Asp3864.C",1
"Lys7.A","Val3865.C",1
"Lys7.A","Thr3868.C",1
"Leu8.A","Lys3861.C",1
"Asn41.A","Thr3904.C",1
"Asn41.A","Phe3908.C",1
"Tyr42.A","Thr3904.C",1
"Tyr42.A","Thr3905.C",1
"Val43.A","Asp3903.C",1
"Val43.A","Thr3904.C",1
"Ala56.A","Lys3861.C",1
"Ala56.A","Thr3904.C",1
"Trp58.A","Lys3861.C",1
"Trp58.A","Val3865.C",1
"Trp58.A","Thr3904.C",1
"Trp58.A","Ala3907.C",1
"Glu64.A","Ile3927.C",1
"Asp67.A","Asn3928.C",1
"Asp67.A","Cys3931.C",1
"Arg68.A","Lys3929.C",1
"Pro75.A","Thr3868.C",1
"Asp76.A","Asp3864.C",1
"Asp76.A","Cys3867.C",1
"Thr77.A","Asp3864.C",1
"Asp78.A","Ser3860.C",1
"Asp78.A","Asp3864.C",1
"Pro96.A","Leu3935.C",1
"Glu97.A","Leu3935.C",1
"Lys98.A","Cys3931.C",1
"Lys98.A","Leu3935.C",1
"Pro101.A","Met3934.C",1
"Pro101.A","Leu3935.C",1
"Glu102.A","Cys3931.C",1
"Lys104.A","Arg3938.C",1
"Phe106.A","Val3871.C",1
"Leu191.A","Ser3860.C",1
"Val192.A","Ser3863.C",1
"Leu193.A","Ser3863.C",1
"Val35.A","Ser3860.C",1
"Pro36.A","Lys3902.C",1
"Pro36.A","Asp3903.C",1
"Phe39.A","Lys3861.C",1
"Ala61.A","Thr3905.C",1
"Gln63.A","Asp3903.C",1
"Gln63.A","Thr3904.C",1
"Asp65.A","Glu3906.C",1
"Asp65.A","Glu3909.C",1
"Asp49.A","Ser3885.C",1
"Arg122.A","Ser3860.C",1
"Pro141.A","Met3862.C",1
"Pro141.A","Ser3863.C",1
"Glu142.A","Met3862.C",1
"Arg145.A","Met3862.C",1
"Arg145.A","Leu3899.C",1
"Tyr156.A","Met3862.C",1
"Tyr156.A","Lys3866.C",1
"Glu158.A","Met3862.C",1
"Glu158.A","Ser3863.C",1
"Glu169.A","Leu3873.C",1
"Glu169.A","Gln3877.C",1
"Glu169.A","Trp3888.C",1
"Glu172.A","Trp3888.C",1
"Met173.A","Trp3888.C",1
"Met173.A","Val3892.C",1
"Arg176.A","Ser3885.C",1
"Ala177.A","Trp3888.C",1
"Ala177.A","Ala3889.C",1
"Ala177.A","Val3892.C",1
"Gln180.A","Ser3885.C",1
"Gln180.A","Lys3886.C",1
"Leu191.A","Gln3893.C",1
"Val192.A","Gln3893.C",1
"Val192.A","Asn3896.C",1
"Leu193.A","Gln3893.C",1
"Met1.A","Gln3877.C",1
"Met1.A","Gln3878.C",1
"Met1.A","Arg3880.C",1
"Ala2.A","Ser3874.C",1
"Ala2.A","Gln3877.C",1
"Ala2.A","Gln3878.C",1
"Ala2.A","Glu3882.C",1
"Ala3.A","Ser3874.C",1
"Ala3.A","Gln3878.C",1
"Ile4.A","Ser3874.C",1
"Ile4.A","Val3875.C",1
"Val48.A","Asp3926.C",1
"Val48.A","Lys3929.C",1
"Asp49.A","Leu3879.C",1
"Asp49.A","Asp3926.C",1
"Asp49.A","Ile3927.C",1
"Asp49.A","Asn3928.C",1
"Asp49.A","Lys3929.C",1
"Gly50.A","Gln3878.C",1
"Gly50.A","Leu3879.C",1
"Gly50.A","Gly3923.C",1
"Gly50.A","Ala3924.C",1
"Lys51.A","Val3875.C",1
"Lys51.A","Gln3878.C",1
"Lys51.A","Leu3879.C",1
"Lys51.A","Leu3918.C",1
"Lys51.A","Ala3924.C",1
"Lys51.A","Asp3926.C",1
"Lys51.A","Lys3929.C",1
"Gln52.A","Gln3878.C",1
"Gln52.A","Arg3880.C",1
"Asn109.A","Leu3935.C",1
"Val110.A","Leu3935.C",1
"Pro111.A","Leu3935.C",1
"Ala153.A","Leu3935.C",1
"Phe154.A","Leu3935.C",1
"Ala177.A","Glu3932.C",1
"Leu179.A","Lys3929.C",1
"Gln180.A","Met3934.C",1
"Gln180.A","Leu3935.C",1
"Ala181.A","Met3934.C",1
"Ala181.A","Leu3935.C",1
"Arg183.A","Asp3936.C",1
"Gly184.A","Asn3937.C",1
"Gly184.A","Arg3938.C",1
"Gly184.A","Ala3939.C",1
"Lys185.A","Thr3940.C",1
"Lys186.A","Ala3939.C",1
"Lys186.A","Thr3940.C",1
"Lys186.A","Leu3941.C",1
"Gly189.A","Ser3860.C",1
"Gly189.A","Thr3940.C",1
"Leu193.A","Asn3937.C",1
"Pro108.A","Leu3899.C",1
"Asn109.A","His3895.C",1
"Thr19.A","Val3871.C",1
"Thr19.A","Ser3874.C",1
"Thr19.A","Gln3878.C",1
"Ile23.A","Met3934.C",1
"Ser26.A","Met3934.C",1
"Ser26.A","Arg3938.C",1
"Lys27.A","Glu3933.C",1
"Lys27.A","Met3934.C",1
"Lys27.A","Asn3937.C",1
"Pro31.A","Glu3933.C",1
"Pro36.A","Leu3930.C",1
"Pro36.A","Glu3933.C",1
"Pro36.A","Met3934.C",1
"Val38.A","Leu3930.C",1
"Phe39.A","Leu3872.C",1
"Glu40.A","Leu3872.C",1
"Gly62.A","Val3870.C",1
"Gly62.A","Leu3873.C",1
"Gly62.A","Ser3874.C",1
"Gly62.A","Gln3877.C",1
"Gln63.A","Val3870.C",1
"Gln63.A","Leu3873.C",1
"Gln63.A","His3895.C",1
"Tyr66.A","Glu3882.C",1
"Leu69.A","Asn3896.C",1
"Glu130.A","Lys3929.C",1
"Leu131.A","Asp3926.C",1
"Leu131.A","Lys3929.C",1
"Ala132.A","Gly3923.C",1
"Ala132.A","Asp3926.C",1
"Ala132.A","Lys3929.C",1
"Lys133.A","Gln3922.C",1
"Lys133.A","Gly3923.C",1
"Lys133.A","Ala3924.C",1
"Met134.A","Gln3922.C",1
"Lys135.A","Gln3878.C",1
"Lys135.A","Leu3879.C",1
"Lys135.A","Arg3880.C",1
"Lys135.A","Ala3924.C",1
"Gln136.A","Gln3878.C",1
"Gln136.A","Leu3879.C",1
"Gln136.A","Arg3880.C",1
"Glu137.A","Arg3880.C",1
"Gly14.A","Ser3863.C",1
"Asn41.A","Ser3884.C",1
"Trp58.A","Glu3882.C",1
"Trp58.A","Ser3884.C",1
"Arg68.A","Asn3896.C",1
"Arg70.A","Gln3877.C",1
"Leu72.A","Val3881.C",1
"Leu72.A","Ser3883.C",1
"Ser73.A","Ser3883.C",1
"Asp67.A","Leu3935.C",1
"Asp67.A","Arg3938.C",1
"Arg68.A","Glu3932.C",1
"Arg68.A","Leu3935.C",1
"Arg68.A","Asp3936.C",1
"Arg70.A","Arg3938.C",1
"Pro71.A","Leu3935.C",1
"Pro101.A","Ala3939.C",1
"Glu102.A","Ala3939.C",1
"His105.A","Ala3939.C",1
"Phe106.A","Leu3935.C",1
"Arg183.A","Ser3863.C",1
"Arg183.A","Asp3864.C",1
"Gly184.A","Ser3863.C",1
"Lys185.A","Ser3863.C",1
"Lys185.A","Cys3867.C",1
"Gly189.A","Val3870.C",1
"Pro101.A","Glu3906.C",1
